UN;PPU;FECHA;HORA;TERM;A14;A15;A16;A17;A18;A14-C1-A;A15-C1-A;A15-C1-B;A15-C1-C;A15-C2-A;A15-C3-A;A16-C1-A;A16-C1-B;A16-C1-C;A16-C2-A;A16-C3-A;A17-C1-A;A17-C1-B;A17-C1-C;A17-C2-A;A17-C3-A;A18-C1-A;A18-C1-B;A18-C1-C;A18-C2-A;A18-C2-B;A18-C3-A;A18-C4-A;OBSERVACION
U8;SHXC20;2024-12-02;12:30:30;EL RETIRO;1;1;1;1;1;1;1;1;1;1;1;1;1;1;1;1;1;1;1;1;1;1;1;1;1;1;1;1;
U8;STHD65;2024-12-02;12:31:24;EL RETIRO;1;1;1;1;0;1;1;1;1;1;1;1;1;1;1;1;1;1;1;1;1;0;1;1;1;1;1;1;
U8;SJPC56;2024-12-02;12:31:58;EL RETIRO;1;1;1;1;1;1;1;1;1;1;1;1;1;1;1;1;1;1;1;1;1;1;1;1;1;1;1;1;
U8;STHF62;2024-12-02;12:32:35;EL RETIRO;1;1;1;1;0;1;1;1;1;1;1;1;1;1;1;1;1;1;1;1;1;1;1;1;0;1;1;1;
U8;SJPC37;2024-12-02;12:32:57;EL RETIRO;0;1;1;1;0;0;1;1;1;1;1;1;1;1;1;1;1;1;1;1;1;1;0;1;1;1;1;1;SIN PORTA USB, BUS SUCIO EN SU INTERIOR
U8;STHF13;2024-12-02;12:34:24;EL RETIRO;1;1;1;1;1;1;1;1;1;1;1;1;1;1;1;1;1;1;1;1;1;1;1;1;1;1;1;1;
U8;SPZX34;2024-12-02;12:35:19;EL RETIRO;1;1;1;1;1;1;1;1;1;1;1;1;1;1;1;1;1;1;1;1;1;1;1;1;1;1;1;1;
U8;SKHG79;2024-12-03;11:31:11;CONDELL;1;1;1;1;1;1;1;1;1;1;1;1;1;1;1;1;1;1;1;1;1;1;1;1;1;1;1;1;SIN OBSERVACIONES 
U8;STHF42;2024-12-03;11:35:20;CONDELL;1;1;1;1;0;1;1;1;1;1;1;1;1;1;1;1;1;1;1;1;1;1;0;1;1;1;1;1;BAJO ASIENTO SUCIO
U8;LDJV51;2024-12-03;11:35:51;CONDELL;1;1;1;1;0;1;1;1;1;1;1;1;1;1;1;1;1;1;1;1;1;1;0;1;1;1;1;1;BAJO ASIENTO SUCIO 
U8;LDJP73;2024-12-03;11:37:01;CONDELL;1;1;1;1;1;1;1;1;1;1;1;1;1;1;1;1;1;1;1;1;1;1;1;1;1;1;1;1;SIN OBSERVACIONES 
U8;STHF82;2024-12-03;11:39:07;CONDELL;1;1;1;1;1;1;1;1;1;1;1;1;1;1;1;1;1;1;1;1;1;1;1;1;1;1;1;1;SIN OBSERVACIONES 
U8;STHF54;2024-12-03;11:39:32;CONDELL;1;1;1;1;0;1;1;1;1;1;1;1;1;1;1;1;1;1;1;1;1;1;0;1;1;1;1;0;BAJO ASIENTO SUCIO Y CON GRAFITIS EN ASIENTO
U8;SJTD62;2024-12-03;11:40:22;CONDELL;1;1;1;1;1;1;1;1;1;1;1;1;1;1;1;1;1;1;1;1;1;1;1;1;1;1;1;1;SIN OBSERVACIONES 
U8;SHXD76;2024-12-03;12:37:40;STA. MARGARITA;1;1;1;1;0;1;1;1;1;1;1;1;1;1;1;1;1;1;1;1;1;0;0;1;1;1;1;1;CABINA DE PASAJEROS SUCIA Y CON BASURA
U8;SHXG32;2024-12-03;12:37:58;STA. MARGARITA;1;1;1;1;1;1;1;1;1;1;1;1;1;1;1;1;1;1;1;1;1;1;1;1;1;1;1;1;SIN OBSERVACIONES
U8;SJPD96;2024-12-03;12:38:39;STA. MARGARITA;0;1;1;1;0;0;1;1;1;1;1;1;1;1;1;1;1;1;1;1;1;0;0;0;1;1;0;0;
U8;SJPC49;2024-12-03;12:38:54;STA. MARGARITA;1;1;1;1;0;1;1;1;1;1;1;1;1;1;1;1;1;1;1;1;1;1;0;1;1;1;1;1;PASILLO SUCIO
U8;SJPD93;2024-12-03;12:42:39;STA. MARGARITA;0;1;1;1;0;0;1;1;1;1;1;1;1;1;1;1;1;1;1;1;1;0;0;1;1;1;1;1;CARGADOR USB DAÑADO. CABINA DE PASAJEROS SUCIA Y CON BASURA
U8;SHXF26;2024-12-03;12:45:03;STA. MARGARITA;1;1;1;1;0;1;1;1;1;1;1;1;1;1;1;1;1;1;1;1;1;0;0;1;1;1;0;0;
U8;SHXG30;2024-12-03;12:47:46;STA. MARGARITA;0;1;1;1;0;0;1;1;1;1;1;1;1;1;1;1;1;1;1;1;1;0;0;1;1;1;1;1;USB NO FUNCIONA, PASILLO SUCIO Y BASURA EN INTERIOR
U8;SJPD94;2024-12-03;12:54:19;STA. MARGARITA;0;1;1;1;0;0;1;1;1;1;1;1;1;1;1;1;1;1;1;1;1;0;0;1;1;1;0;0;
U8;LXDJ28;2024-12-03;12:57:42;STA. MARGARITA;1;1;1;1;0;1;1;1;1;1;1;1;1;1;1;1;1;1;1;1;1;0;0;1;1;1;1;1;CABINA DE PASAJEROS SUCIA Y CON BASURA
U8;SHCY57;2024-12-04;11:26:54;SANTA MARTA;0;1;1;1;0;0;1;1;1;1;1;1;1;1;1;1;1;1;1;1;1;1;1;1;1;1;1;0;USB MALOS . GRAFITIS INTERIOR 
U8;SJPB20;2024-12-04;11:27:13;SANTA MARTA;0;1;1;1;0;0;1;1;1;1;1;1;1;1;1;1;1;1;1;1;1;0;0;1;1;1;1;1;USB MALOS Y FALTANTES 
U8;SHXF45;2024-12-04;11:28:23;SANTA MARTA;0;1;1;1;0;0;1;1;1;1;1;1;1;1;1;1;1;1;1;1;1;0;0;1;1;1;1;1;
U8;STHP52;2024-12-04;11:28:36;SANTA MARTA;1;1;1;1;1;1;1;1;1;1;1;1;1;1;1;1;1;1;1;1;1;1;1;1;1;1;1;1;SIN OBSERVACIONES 
U8;STHR80;2024-12-04;11:30:27;SANTA MARTA;1;1;1;1;0;1;1;1;1;1;1;1;1;1;1;1;1;1;1;1;1;1;0;1;1;1;1;0;SUCIO Y GRAFITI INTERIOR
U8;STHK70;2024-12-04;11:31:03;SANTA MARTA;0;1;1;1;0;0;1;1;1;1;1;1;1;1;1;1;1;1;1;1;1;0;0;1;1;1;1;1;
U8;STHL11;2024-12-04;11:31:58;SANTA MARTA;1;1;1;1;1;1;1;1;1;1;1;1;1;1;1;1;1;1;1;1;1;1;1;1;1;1;1;1;SIN OBSERVACIONES 
U8;STHK28;2024-12-04;11:33:36;SANTA MARTA;0;1;1;1;0;0;1;1;1;1;1;1;1;1;1;1;1;1;1;1;1;0;0;1;1;1;1;1;
U8;SJPD90;2024-12-09;12:13:36;STA. MARGARITA;1;1;1;1;0;1;1;1;1;1;1;1;1;1;1;1;1;1;1;1;1;1;0;1;1;1;1;1;A18-C1-B.BUS SUCIO EN SU INTERIOR.
U8;SJPD99;2024-12-09;12:14:03;STA. MARGARITA;1;1;1;1;0;1;1;1;1;1;1;1;1;1;1;1;1;1;1;1;1;1;0;1;1;1;1;1;PISO CON BASURA 
U8;SJPD95;2024-12-09;12:14:42;STA. MARGARITA;1;1;1;1;0;1;1;1;1;1;1;1;1;1;1;1;1;1;1;1;1;1;0;1;1;1;1;1;A18-C1-B.BUS SUCIO EN SU INTERIOR.
U8;SJPD91;2024-12-09;12:15:01;STA. MARGARITA;1;1;1;1;0;1;1;1;1;1;1;1;1;1;1;1;1;1;1;1;1;1;0;1;1;1;1;1;BAJO ASIENTO SUCIO
U8;SJPC67;2024-12-09;12:15:34;STA. MARGARITA;1;1;1;1;0;1;1;1;1;1;1;1;1;1;1;1;1;1;1;1;1;1;0;1;1;1;1;1;PISO SUCIO 
U8;SJPC66;2024-12-09;12:16:29;STA. MARGARITA;1;1;1;1;0;1;1;1;1;1;1;1;1;1;1;1;1;1;1;1;1;1;0;1;1;1;1;1;PISO SUCIO
U8;SHXF19;2024-12-11;10:56:02;SANTA MARTA;1;1;1;1;1;1;1;1;1;1;1;1;1;1;1;1;1;1;1;1;1;1;1;1;1;1;1;1;
U8;FLXP78;2024-12-11;10:57:02;SANTA MARTA;1;1;1;1;1;1;1;1;1;1;1;1;1;1;1;1;1;1;1;1;1;1;1;1;1;1;1;1;
U8;SHCX54;2024-12-11;10:57:40;SANTA MARTA;0;1;1;1;1;0;1;1;1;1;1;1;1;1;1;1;1;1;1;1;1;1;1;1;1;1;1;1;PORTA USB CON DAÑO
U8;STHF77;2024-12-11;10:58:41;SANTA MARTA;1;1;1;1;0;1;1;1;1;1;1;1;1;1;1;1;1;1;1;1;1;0;1;1;1;1;1;1;BUS CON BASURA EN EL INTERIOR 
U8;SHXF23;2024-12-11;11:00:57;SANTA MARTA;0;1;1;1;0;0;1;1;1;1;1;1;1;1;1;1;1;1;1;1;1;1;0;1;1;1;1;1;PORTA USB CON DAÑO, BUS SUCIO EN SU INTERIOR
U8;STHB36;2024-12-11;11:01:43;SANTA MARTA;1;1;1;1;1;1;1;1;1;1;1;1;1;1;1;1;1;1;1;1;1;1;1;1;1;1;1;1;
U8;LXDJ25;2024-12-12;13:40:50;EL RETIRO;1;1;1;0;1;1;1;1;1;1;1;1;1;1;1;1;0;1;1;1;1;1;1;1;1;1;1;1;
U8;SHCY32;2024-12-12;13:40:55;EL RETIRO;1;1;1;1;0;1;1;1;1;1;1;1;1;1;1;1;1;1;1;1;1;1;0;1;1;1;1;1;BUS SUCIO EN SU INTERIOR
U8;SHCY11;2024-12-12;13:41:44;EL RETIRO;1;1;1;1;0;1;1;1;1;1;1;1;1;1;1;1;1;1;1;1;1;1;0;1;1;1;1;1;
U8;SKHF84;2024-12-12;13:42:34;EL RETIRO;1;1;1;1;1;1;1;1;1;1;1;1;1;1;1;1;1;1;1;1;1;1;1;1;1;1;1;1;
U8;SJPC38;2024-12-12;13:45:13;EL RETIRO;1;1;1;1;0;1;1;1;1;1;1;1;1;1;1;1;1;1;1;1;1;1;0;1;1;1;1;1;BUS SUCIO EN SU INTERIOR
U8;LXDJ11;2024-12-12;13:51:09;EL RETIRO;1;1;1;1;1;1;1;1;1;1;1;1;1;1;1;1;1;1;1;1;1;1;1;1;1;1;1;1;
U8;LDJX67;2024-12-13;12:37:04;CONDELL;1;1;0;1;0;1;1;1;1;1;1;1;1;0;1;1;1;1;1;1;1;0;0;1;1;1;1;1;CABINA DE PASAJEROS SUCIA Y CON BASURA. RUTERO LATERAL NO PRESENTE
U8;LFGJ89;2024-12-13;12:39:15;CONDELL;1;1;1;1;0;1;1;1;1;1;1;1;1;1;1;1;1;1;1;1;1;0;0;0;1;1;0;0;CABINA DE PASAJEROS Y CONDUCTOR SUCIA CON BASURA . MECANISMO ARTICULADO SUCIO. CABINA DE PASAJEROS CON GRAFITI
U8;LDTG66;2024-12-13;12:42:33;CONDELL;1;1;1;1;0;1;1;1;1;1;1;1;1;1;1;1;1;1;1;1;1;0;0;1;1;1;1;1;CABINA DE PASAJEROS SUCIA Y CON BASURA
U8;SHCY45;2024-12-13;12:45:22;CONDELL;0;1;1;1;0;0;1;1;1;1;1;1;1;1;1;1;1;1;1;1;1;1;0;1;1;1;1;1;CABINA DE PASAJEROS SUCIA. PUERTO USB NO CARGA
U8;LDJV45;2024-12-13;12:47:22;CONDELL;1;1;1;1;0;1;1;1;1;1;1;1;1;1;1;1;1;1;1;1;1;1;0;1;1;1;1;1;CABINA DE PASAJEROS SUCIA²
U8;LXDJ18;2024-12-16;9:58:55;STA. MARGARITA;0;1;1;1;0;0;1;1;1;1;1;1;1;1;1;1;1;1;1;1;1;0;0;1;1;1;1;1;
U8;LXDH87;2024-12-16;10:01:06;STA. MARGARITA;1;1;1;1;0;1;1;1;1;1;1;1;1;1;1;1;1;1;1;1;1;0;0;1;1;1;1;1;BASURA Y SUCIO EN INTERIOR 
U8;LXDH98;2024-12-16;10:02:15;STA. MARGARITA;0;1;1;1;0;0;1;1;1;1;1;1;1;1;1;1;1;1;1;1;1;0;0;1;1;1;1;0;USB MALOS Y FALTANTES 
U8;LXDH88;2024-12-16;10:04:14;STA. MARGARITA;1;1;1;1;0;1;1;1;1;1;1;1;1;1;1;1;1;1;1;1;1;1;0;1;1;1;1;1;PISO MANCHADO EN INTERIOR 
U8;LXDJ30;2024-12-16;10:05:09;STA. MARGARITA;0;1;1;1;0;0;1;1;1;1;1;1;1;1;1;1;1;1;1;1;1;1;0;1;1;1;1;0;
U8;SJTD66;2024-12-16;11:19:36;EL RETIRO;1;1;1;1;1;1;1;1;1;1;1;1;1;1;1;1;1;1;1;1;1;1;1;1;1;1;1;1;
U8;SJPC48;2024-12-16;11:20:25;EL RETIRO;1;1;1;1;1;1;1;1;1;1;1;1;1;1;1;1;1;1;1;1;1;1;1;1;1;1;1;1;SIN OBSERVACIONES 
U8;LXDJ12;2024-12-16;11:24:27;EL RETIRO;1;1;1;0;1;1;1;1;1;1;1;1;1;1;1;1;0;1;1;1;1;1;1;1;1;1;1;1;RUTERO TRASERO NO OPERATIVO 
U8;LXDH85;2024-12-16;11:27:52;EL RETIRO;1;1;1;1;1;1;1;1;1;1;1;1;1;1;1;1;1;1;1;1;1;1;1;1;1;1;1;1;SIN OBSERVACIONES 
U8;SKHG89;2024-12-16;11:29:11;CONDELL;1;1;1;1;1;1;1;1;1;1;1;1;1;1;1;1;1;1;1;1;1;1;1;1;1;1;1;1;
U8;SJTD57;2024-12-16;11:30:24;EL RETIRO;1;1;1;1;1;1;1;1;1;1;1;1;1;1;1;1;1;1;1;1;1;1;1;1;1;1;1;1;SIN OBSERVACIONES 
U8;LFGW22;2024-12-16;11:30:34;CONDELL;1;1;1;1;0;1;1;1;1;1;1;1;1;1;1;1;1;1;1;1;1;1;0;1;1;1;1;1;BUS SUCIO EN SU INTERIOR
U8;SHXD78;2024-12-16;11:30:58;EL RETIRO;1;1;1;1;1;1;1;1;1;1;1;1;1;1;1;1;1;1;1;1;1;1;1;1;1;1;1;1;
U8;LFGJ90;2024-12-16;11:31:09;CONDELL;1;1;1;1;0;1;1;1;1;1;1;1;1;1;1;1;1;1;1;1;1;1;0;1;1;1;1;1;BUS SUCIO EN SU INTERIOR
U8;LFGJ91;2024-12-16;11:32:25;CONDELL;1;1;1;1;1;1;1;1;1;1;1;1;1;1;1;1;1;1;1;1;1;1;1;1;1;1;1;1;
U8;LDJV46;2024-12-16;11:33:52;CONDELL;1;1;1;1;0;1;1;1;1;1;1;1;1;1;1;1;1;1;1;1;1;1;0;1;1;1;1;1;BUS SUCIO EN SU INTERIOR
U8;LDJV44;2024-12-16;11:35:01;CONDELL;1;1;1;1;0;1;1;1;1;1;1;1;1;1;1;1;1;1;1;1;1;1;0;1;1;1;1;1;
U8;STHJ68;2024-12-20;12:49:29;STA. MARGARITA;1;1;1;1;1;1;1;1;1;1;1;1;1;1;1;1;1;1;1;1;1;1;1;1;1;1;1;1;
U8;STHC45;2024-12-20;12:51:57;STA. MARGARITA;1;1;1;1;1;1;1;1;1;1;1;1;1;1;1;1;1;1;1;1;1;1;1;1;1;1;1;1;
U8;STGZ62;2024-12-20;12:54:30;STA. MARGARITA;1;1;1;1;1;1;1;1;1;1;1;1;1;1;1;1;1;1;1;1;1;1;1;1;1;1;1;1;
U8;STGZ85;2024-12-20;12:59:37;STA. MARGARITA;1;1;1;1;1;1;1;1;1;1;1;1;1;1;1;1;1;1;1;1;1;1;1;1;1;1;1;1;
U8;STHL95;2024-12-20;13:03:32;STA. MARGARITA;1;1;1;1;1;1;1;1;1;1;1;1;1;1;1;1;1;1;1;1;1;1;1;1;1;1;1;1;
U8;STHB12;2024-12-23;10:37:32;SANTA MARTA;1;1;1;1;0;1;1;1;1;1;1;1;1;1;1;1;1;1;1;1;1;1;0;1;1;1;1;1;
U8;STHF31;2024-12-23;10:41:31;SANTA MARTA;1;1;1;1;0;1;1;1;1;1;1;1;1;1;1;1;1;1;1;1;1;0;0;1;1;1;1;1;
U8;STHJ98;2024-12-23;10:44:51;SANTA MARTA;1;1;1;1;0;1;1;1;1;1;1;1;1;1;1;1;1;1;1;1;1;0;0;1;1;1;1;1;
U8;STHK53;2024-12-23;10:49:59;STA. MARGARITA;1;1;1;1;1;1;1;1;1;1;1;1;1;1;1;1;1;1;1;1;1;1;1;1;1;1;1;1;
U8;STHK36;2024-12-23;10:55:54;SANTA MARTA;1;1;1;1;0;1;1;1;1;1;1;1;1;1;1;1;1;1;1;1;1;0;0;1;1;1;1;0;
U8;STHK10;2024-12-30;12:53:26;SANTA MARTA;1;1;1;1;1;1;1;1;1;1;1;1;1;1;1;1;1;1;1;1;1;1;1;1;1;1;1;1;SIN OBSERVACIONES 
U8;STHP12;2024-12-30;12:56:36;SANTA MARTA;1;1;1;1;1;1;1;1;1;1;1;1;1;1;1;1;1;1;1;1;1;1;1;1;1;1;1;1;SIN OBSERVACION. 
U8;SHXF25;2024-12-31;9:25:41;CONDELL;1;1;1;1;0;1;1;1;1;1;1;1;1;1;1;1;1;1;1;1;1;0;0;1;1;1;1;0;
U8;LDSX95;2024-12-31;9:25:56;CONDELL;1;1;1;1;1;1;1;1;1;1;1;1;1;1;1;1;1;1;1;1;1;1;1;1;1;1;1;1;SIN OBSERVACIONES 
U8;LDTG67;2024-12-31;9:28:42;CONDELL;1;1;1;1;0;1;1;1;1;1;1;1;1;1;1;1;1;1;1;1;1;0;0;1;1;1;1;0;
U8;LFGW21;2024-12-31;9:29:10;CONDELL;1;0;0;0;0;1;0;1;1;1;1;0;1;1;1;1;0;1;1;1;1;0;0;1;1;1;1;1;LETRERO FRONTAL,LATERAL,TRASERO NO CUMPLE CON LO ESTIPULADO EN EL MANUAL. BUS SUCIO Y BASURA INTERIOR
U8;LDTG63;2024-12-31;9:33:09;CONDELL;0;1;1;1;0;0;1;1;1;1;1;1;1;1;1;1;1;1;1;1;1;0;0;1;1;1;1;0;
U9;LBTS85;2024-12-02;12:33:23;JUANITA;1;1;1;1;0;1;1;1;1;1;1;1;1;1;1;1;1;1;1;1;1;1;0;1;1;1;1;1;BASURA EN PASILLO
U9;LCPG42;2024-12-02;12:34:19;JUANITA;1;1;1;1;0;1;1;1;1;1;1;1;1;1;1;1;1;1;1;1;1;1;1;1;1;1;1;0;BUS CON GRAFITI
U9;LBTS87;2024-12-02;12:34:43;JUANITA;1;1;1;1;0;1;1;1;1;1;1;1;1;1;1;1;1;1;1;1;1;1;0;1;1;1;1;1;CABINA DE PASAJEROS SUCIA
U9;SRVG94;2024-12-02;12:36:50;JUANITA;1;1;1;1;1;1;1;1;1;1;1;1;1;1;1;1;1;1;1;1;1;1;1;1;1;1;1;1;
U9;LCPG37;2024-12-02;12:38:21;JUANITA;1;1;1;1;0;1;1;1;1;1;1;1;1;1;1;1;1;1;1;1;1;0;0;1;1;1;0;0;
U9;SRVK11;2024-12-02;12:38:24;JUANITA;1;1;1;1;0;1;1;1;1;1;1;1;1;1;1;1;1;1;1;1;1;1;0;1;1;1;1;1;PASILLO SUCIO
U9;LCTG25;2024-12-02;12:39:13;JUANITA;1;1;1;1;0;1;1;1;1;1;1;1;1;1;1;1;1;1;1;1;1;1;0;1;1;1;1;1;CABINA DE PASAJEROS SUCIA
U9;STHC57;2024-12-02;12:39:17;JUANITA;1;1;1;1;0;1;1;1;1;1;1;1;1;1;1;1;1;1;1;1;1;0;0;1;1;1;1;0;
U9;SPZX78;2024-12-03;13:20:52;PIE ANDINO;1;1;1;1;1;1;1;1;1;1;1;1;1;1;1;1;1;1;1;1;1;1;1;1;1;1;1;1;
U9;SHXG86;2024-12-03;13:21:36;PIE ANDINO;1;1;1;1;0;1;1;1;1;1;1;1;1;1;1;1;1;1;1;1;1;1;0;1;1;1;1;1;BUS SUCIO EN SU INTERIOR 
U9;SHXF39;2024-12-03;13:22:03;PIE ANDINO;1;1;1;1;1;1;1;1;1;1;1;1;1;1;1;1;1;1;1;1;1;1;1;1;1;1;1;1;
U9;SHXF40;2024-12-03;13:22:24;PIE ANDINO;1;1;1;1;1;1;1;1;1;1;1;1;1;1;1;1;1;1;1;1;1;1;1;1;1;1;1;1;
U9;SPZX73;2024-12-03;13:22:27;PIE ANDINO;1;1;1;1;1;1;1;1;1;1;1;1;1;1;1;1;1;1;1;1;1;1;1;1;1;1;1;1;
U9;SHCY60;2024-12-03;13:23:05;PIE ANDINO;1;1;1;1;0;1;1;1;1;1;1;1;1;1;1;1;1;1;1;1;1;1;0;1;1;1;1;1;
U9;SPZX84;2024-12-03;13:27:15;PIE ANDINO;1;1;1;1;0;1;1;1;1;1;1;1;1;1;1;1;1;1;1;1;1;1;0;1;1;1;1;1;
U9;SHCW72;2024-12-03;13:28:05;PIE ANDINO;1;1;1;1;1;1;1;1;1;1;1;1;1;1;1;1;1;1;1;1;1;1;1;1;1;1;1;1;
U9;FLXR84;2024-12-04;9:50:31;A. LUCO;1;1;1;1;0;1;1;1;1;1;1;1;1;1;1;1;1;1;1;1;1;0;0;1;1;1;1;0;SUCIO BASURA Y GRAFITI INTERIOR
U9;FLXR80;2024-12-04;9:51:45;A. LUCO;1;1;1;1;0;1;1;1;1;1;1;1;1;1;1;1;1;1;1;1;1;0;0;1;1;1;1;0;BASURA SUCIO Y GRAFITI INTERIOR 
U9;SHCX31;2024-12-04;9:53:35;A. LUCO;0;1;1;1;0;0;1;1;1;1;1;1;1;1;1;1;1;1;1;1;1;1;1;1;1;1;1;0;USB MALOS. GRAFITI INTERIOR
U9;FLXR78;2024-12-04;9:55:25;A. LUCO;1;1;1;1;0;1;1;1;1;1;1;1;1;1;1;1;1;1;1;1;1;0;0;1;1;1;1;1;BASURA Y SUCIO EN INTERIOR 
U9;FLXR90;2024-12-04;10:07:21;A. LUCO;1;1;1;1;0;1;1;1;1;1;1;1;1;1;1;1;1;1;1;1;1;1;0;1;1;1;1;1;BUS SUCIO EN INTERIOR
U9;FLXR93;2024-12-04;10:10:12;A. LUCO;1;1;1;1;0;1;1;1;1;1;1;1;1;1;1;1;1;1;1;1;1;0;0;1;1;1;1;1;BUS SUCIO Y BASURA INTERIOR
U9;FLXR76;2024-12-04;10:12:42;A. LUCO;1;1;1;1;0;1;1;1;1;1;1;1;1;1;1;1;1;1;1;1;1;0;1;1;1;1;1;0;GRAFITI Y BASURA INTERIOR
U9;FLXR81;2024-12-04;10:15:04;A. LUCO;1;1;1;1;0;1;1;1;1;1;1;1;1;1;1;1;1;1;1;1;1;0;0;1;1;1;1;0;BASURA GRAFITI Y SUCIO EN INTERIOR
U9;SHXF44;2024-12-04;10:16:30;A. LUCO;1;1;1;1;1;1;1;1;1;1;1;1;1;1;1;1;1;1;1;1;1;1;1;1;1;1;1;1;SIN OBSERVACIONES 
U9;SHXF18;2024-12-09;12:33:06;PIE ANDINO;1;1;1;1;0;1;1;1;1;1;1;1;1;1;1;1;1;1;1;1;1;0;1;1;1;1;1;1;BASURA EN RAMPLA MINUSVALIDO
U9;SHXF36;2024-12-09;12:36:11;PIE ANDINO;0;1;1;1;0;0;1;1;1;1;1;1;1;1;1;1;1;1;1;1;1;0;1;1;1;1;1;1;CABINA DE PASAJEROS CON BASURA. PUERTO USB NO CARGA
U9;SHCY61;2024-12-09;12:38:26;PIE ANDINO;1;1;1;1;0;1;1;1;1;1;1;1;1;1;1;1;1;1;1;1;1;0;0;1;1;1;1;1;BASURA INTERIOR, SUCIEDAD PASILLO
U9;SHXF22;2024-12-09;12:43:22;PIE ANDINO;1;1;1;1;0;1;1;1;1;1;1;1;1;1;1;1;1;1;1;1;1;1;0;1;1;1;1;1;CABINA DE PASAJERO SUCIA
U9;SHCY42;2024-12-09;12:44:22;PIE ANDINO;1;1;1;1;0;1;1;1;1;1;1;1;1;1;1;1;1;1;1;1;1;0;0;1;1;1;1;1;BUS SUCIO, BASURA EN RAMPLA  MINUSVALIDO
U9;SPZX93;2024-12-09;12:45:59;PIE ANDINO;1;1;1;1;0;1;1;1;1;1;1;1;1;1;1;1;1;1;1;1;1;0;0;1;1;1;1;1;CABINA DE PASAJEROS SUCIA Y CON BASURA
U9;SPZY60;2024-12-09;12:48:11;PIE ANDINO;1;1;1;1;0;1;1;1;1;1;1;1;1;1;1;1;1;1;1;1;1;0;0;1;1;1;1;0;PASILLO SUCIO, GRAFITI INTERIOR, BASURA EN BUS
U9;SPZX69;2024-12-09;12:48:53;PIE ANDINO;1;1;1;1;0;1;1;1;1;1;1;1;1;1;1;1;1;1;1;1;1;0;0;1;1;1;1;0;CABINA DE PASAJEROS SUCIA, BASURA Y GRAFITI
U9;SJPC31;2024-12-11;10:09:36;A. LUCO;1;1;1;1;0;1;1;1;1;1;1;1;1;1;1;1;1;1;1;1;1;1;0;1;1;1;1;1;BUS SUCIO INTERIOR
U9;SHXF42;2024-12-11;10:10:31;A. LUCO;1;1;1;1;0;1;1;1;1;1;1;1;1;1;1;1;1;1;1;1;1;1;0;1;1;1;1;1;CABINA DE PASAJEROS SUCIA
U9;FLXR82;2024-12-11;10:15:56;A. LUCO;1;1;1;1;0;1;1;1;1;1;1;1;1;1;1;1;1;1;1;1;1;1;0;1;1;1;1;1;PASILLO SUCIO
U9;SHCW75;2024-12-11;10:15:57;A. LUCO;1;1;1;1;0;1;1;1;1;1;1;1;1;1;1;1;1;1;1;1;1;1;0;1;1;1;1;1;CABINA DE PASAJEROS SUCIA
U9;FLXR86;2024-12-11;10:18:16;A. LUCO;1;1;1;1;0;1;1;1;1;1;1;1;1;1;1;1;1;1;1;1;1;0;0;1;1;1;1;1;BUS PRESENTA BASURA Y SUCIEDAD
U9;SHXG90;2024-12-11;10:19:30;A. LUCO;1;1;1;1;0;1;1;1;1;1;1;1;1;1;1;1;1;1;1;1;1;1;0;1;1;1;1;1;CABINA DE PASAJEROS SUCIA
U9;SHCW76;2024-12-11;10:20:29;A. LUCO;1;1;1;1;0;1;1;1;1;1;1;1;1;1;1;1;1;1;1;1;1;1;0;1;1;1;1;1;PASILLO SUCIO
U9;SHXD90;2024-12-11;10:22:11;A. LUCO;1;1;1;1;1;1;1;1;1;1;1;1;1;1;1;1;1;1;1;1;1;1;1;1;1;1;1;1;SIN OBSERVACION
U9;FLXR85;2024-12-11;10:26:37;A. LUCO;1;1;1;1;0;1;1;1;1;1;1;1;1;1;1;1;1;1;1;1;1;1;0;1;1;1;1;1;CABINA DE PASAJEROS SUCIA
U9;SHXD89;2024-12-12;11:03:58;PIE ANDINO;1;1;1;1;0;1;1;1;1;1;1;1;1;1;1;1;1;1;1;1;1;1;1;1;1;1;1;0;A18-C4-A.BUS CON GRAFITI.
U9;SHCY65;2024-12-12;11:08:15;PIE ANDINO;1;1;1;1;1;1;1;1;1;1;1;1;1;1;1;1;1;1;1;1;1;1;1;1;1;1;1;1;
U9;SPZY23;2024-12-12;11:11:49;PIE ANDINO;1;1;1;1;1;1;1;1;1;1;1;1;1;1;1;1;1;1;1;1;1;1;1;1;1;1;1;1;
U9;SHCY63;2024-12-12;11:14:43;PIE ANDINO;1;1;1;1;1;1;1;1;1;1;1;1;1;1;1;1;1;1;1;1;1;1;1;1;1;1;1;1;
U9;SPZY69;2024-12-12;11:20:47;PIE ANDINO;1;1;1;1;1;1;1;1;1;1;1;1;1;1;1;1;1;1;1;1;1;1;1;1;1;1;1;1;
U9;SPZY67;2024-12-12;11:21:46;PIE ANDINO;1;1;1;1;1;1;1;1;1;1;1;1;1;1;1;1;1;1;1;1;1;1;1;1;1;1;1;1;
U9;SHXG92;2024-12-12;11:28:17;PIE ANDINO;1;1;1;1;1;1;1;1;1;1;1;1;1;1;1;1;1;1;1;1;1;1;1;1;1;1;1;1;
U9;SRVL81;2024-12-12;11:33:29;PIE ANDINO;1;1;1;1;1;1;1;1;1;1;1;1;1;1;1;1;1;1;1;1;1;1;1;1;1;1;1;1;
U9;SPZY50;2024-12-12;11:36:53;PIE ANDINO;1;1;1;1;1;1;1;1;1;1;1;1;1;1;1;1;1;1;1;1;1;1;1;1;1;1;1;1;
U9;STHC95;2024-12-17;13:21:47;JUANITA;1;1;1;1;0;1;1;1;1;1;1;1;1;1;1;1;1;1;1;1;1;1;0;1;1;1;1;0;GRAFITI EN CABINA Y PISO SUCIO 
U9;SRVK90;2024-12-17;13:24:22;JUANITA;1;1;1;1;0;1;1;1;1;1;1;1;1;1;1;1;1;1;1;1;1;0;0;1;1;1;1;1;CABINA Y PISO SUCIO 
U9;SRVG91;2024-12-17;13:26:51;JUANITA;1;1;1;1;0;1;1;1;1;1;1;1;1;1;1;1;1;1;1;1;1;0;0;1;1;1;0;1;PISO SUCIO, CON BASURA Y CABINA DE CHOFER CON BASURA. 
U9;STHF36;2024-12-17;13:29:36;JUANITA;1;1;1;1;0;1;1;1;1;1;1;1;1;1;1;1;1;1;1;1;1;0;0;1;1;1;1;1;PISO SUCIO Y CON BASURA
U9;SRVK97;2024-12-17;13:30:29;JUANITA;1;1;1;1;0;1;1;1;1;1;1;1;1;1;1;1;1;1;1;1;1;0;0;1;1;1;1;0;PISO SUCIO , CABINA CONDUCTOR Y PASAJROS CON BASURA
U9;LBTS90;2024-12-17;13:31:59;JUANITA;1;1;1;1;0;1;1;1;1;1;1;1;1;1;1;1;1;1;1;1;1;0;0;1;1;1;1;1;BASURA EN CABINA PASAJEROS Y PISO SUCIO
U9;SRVF76;2024-12-17;13:32:53;JUANITA;1;1;1;1;0;1;1;1;1;1;1;1;1;1;1;1;1;1;1;1;1;0;0;1;1;1;0;1;PISO SUCIO , CABINA DE CHOFER Y PASAJEROS CON BASURA
U9;STHF56;2024-12-17;13:35:14;JUANITA;1;1;1;1;0;1;1;1;1;1;1;1;1;1;1;1;1;1;1;1;1;0;0;1;1;1;1;1;PISO SUCIO Y CON BASURA 
U9;FLXR92;2024-12-18;10:27:25;A. LUCO;1;1;1;1;0;1;1;1;1;1;1;1;1;1;1;1;1;1;1;1;1;0;0;1;1;1;1;0;
U9;FLXR75;2024-12-18;10:27:56;A. LUCO;1;1;1;1;0;1;1;1;1;1;1;1;1;1;1;1;1;1;1;1;1;0;0;1;1;1;1;1;SUCIO Y BASURA EN INTERIOR 
U9;FLXR89;2024-12-18;10:30:39;A. LUCO;1;1;1;1;0;1;1;1;1;1;1;1;1;1;1;1;1;1;1;1;1;0;0;1;1;1;1;1;
U9;FLXR73;2024-12-18;10:30:46;A. LUCO;1;1;1;1;0;1;1;1;1;1;1;1;1;1;1;1;1;1;1;1;1;0;0;1;1;1;1;0;SUCIO BASURA Y GRAFITI EN INTERIOR 
U9;FLXR74;2024-12-18;10:33:30;A. LUCO;1;1;1;1;0;1;1;1;1;1;1;1;1;1;1;1;1;1;1;1;1;0;0;1;1;1;1;1;SUCIO Y BASURA EN INTERIOR
U9;FLXR91;2024-12-18;10:33:42;A. LUCO;1;1;1;1;0;1;1;1;1;1;1;1;1;1;1;1;1;1;1;1;1;0;0;1;1;1;1;0;
U9;SHCX35;2024-12-18;11:20:24;A. LUCO;1;1;1;1;1;1;1;1;1;1;1;1;1;1;1;1;1;1;1;1;1;1;1;1;1;1;1;1;
U9;SHXF20;2024-12-18;11:24:53;A. LUCO;1;1;1;1;1;1;1;1;1;1;1;1;1;1;1;1;1;1;1;1;1;1;1;1;1;1;1;1;SIN OBSERVACIONES 
U9;SHCX60;2024-12-19;12:05:42;PIE ANDINO;0;1;1;1;0;0;1;1;1;1;1;1;1;1;1;1;1;1;1;1;1;1;0;1;1;1;1;1;USB MALOS Y FALTANTE
U9;SPZY70;2024-12-19;12:09:42;PIE ANDINO;1;1;1;1;1;1;1;1;1;1;1;1;1;1;1;1;1;1;1;1;1;1;1;1;1;1;1;1;
U9;SPZY61;2024-12-19;12:14:37;PIE ANDINO;0;1;1;1;1;0;1;1;1;1;1;1;1;1;1;1;1;1;1;1;1;1;1;1;1;1;1;1;
U9;SRVL59;2024-12-19;12:18:48;PIE ANDINO;1;1;1;1;0;1;1;1;1;1;1;1;1;1;1;1;1;1;1;1;1;1;0;1;1;1;1;1;
U9;SPZX65;2024-12-19;12:23:50;PIE ANDINO;1;1;1;1;0;1;1;1;1;1;1;1;1;1;1;1;1;1;1;1;1;0;0;1;1;1;1;1;
U9;SPZX95;2024-12-19;12:26:47;PIE ANDINO;1;1;1;1;0;1;1;1;1;1;1;1;1;1;1;1;1;1;1;1;1;1;1;1;1;1;1;0;
U9;SRVJ72;2024-12-19;12:29:56;PIE ANDINO;0;1;1;1;0;0;1;1;1;1;1;1;1;1;1;1;1;1;1;1;1;1;1;1;1;1;1;0;
U9;SPZY75;2024-12-19;12:33:32;PIE ANDINO;1;1;1;1;1;1;1;1;1;1;1;1;1;1;1;1;1;1;1;1;1;1;1;1;1;1;1;1;
U9;SPZY65;2024-12-27;12:31:30;PIE ANDINO;1;1;1;1;0;1;1;1;1;1;1;1;1;1;1;1;1;1;1;1;1;0;0;1;1;1;1;0;
U9;SPZY58;2024-12-27;12:32:10;PIE ANDINO;1;1;1;1;0;1;1;1;1;1;1;1;1;1;1;1;1;1;1;1;1;0;0;1;1;1;1;1;SUCIO Y BASURA INTERIOR 
U9;SRVL13;2024-12-27;12:35:19;PIE ANDINO;1;1;1;1;0;1;1;1;1;1;1;1;1;1;1;1;1;1;1;1;1;0;0;1;1;1;1;0;STICKER BASURA Y SUCIEDAD INTERIOR 
U9;SRVJ48;2024-12-27;12:35:20;PIE ANDINO;1;1;1;1;0;1;1;1;1;1;1;1;1;1;1;1;1;1;1;1;1;0;0;1;1;1;1;0;
U9;SPZY37;2024-12-27;12:38:49;PIE ANDINO;1;1;1;1;0;1;1;1;1;1;1;1;1;1;1;1;1;1;1;1;1;0;0;1;1;1;1;1;
U9;LCTG38;2024-12-27;13:17:50;JUANITA;1;1;1;1;1;1;1;1;1;1;1;1;1;1;1;1;1;1;1;1;1;1;1;1;1;1;1;1;
U9;LBTS92;2024-12-27;13:19:16;JUANITA;1;1;1;1;0;1;1;1;1;1;1;1;1;1;1;1;1;1;1;1;1;0;0;1;1;1;1;1;PISO SUCIO Y CON BASURA
U9;LCPG44;2024-12-27;13:21:35;JUANITA;1;1;1;1;0;1;1;1;1;1;1;1;1;1;1;1;1;1;1;1;1;0;0;1;1;1;1;1;PISO SUCIO Y CON BASURA
U9;LBTS83;2024-12-27;13:24:01;JUANITA;1;1;1;1;0;1;1;1;1;1;1;1;1;1;1;1;1;1;1;1;1;0;0;1;1;1;1;1;PISO SUCIO Y CON BASURA
U9;LCTG33;2024-12-27;13:25:10;JUANITA;1;1;1;1;0;1;1;1;1;1;1;1;1;1;1;1;1;1;1;1;1;1;0;1;1;1;1;1;BUS SUCIO EN SU INTERIOR
U9;LCTG28;2024-12-27;13:26:32;JUANITA;1;1;1;1;0;1;1;1;1;1;1;1;1;1;1;1;1;1;1;1;1;0;0;1;1;1;1;0;PISO SUCIO, CON BASURA Y GRAFITI EN CABINA PASAJEROS
U9;LCTG47;2024-12-27;13:34:32;JUANITA;1;1;1;1;1;1;1;1;1;1;1;1;1;1;1;1;1;1;1;1;1;1;1;1;1;1;1;1;
U9;SRVG92;2024-12-30;12:30:11;JUANITA;1;1;1;1;0;1;1;1;1;1;1;1;1;1;1;1;1;1;1;1;1;1;0;1;1;1;1;1;BUS SUCIO EN SU INTERIOR
U9;LCPG40;2024-12-30;12:31:00;JUANITA;1;1;1;1;0;1;1;1;1;1;1;1;1;1;1;1;1;1;1;1;1;1;0;1;1;1;1;1;A18 BUS SUCIO 
U9;SPZX70;2024-12-30;12:32:02;JUANITA;1;1;1;1;0;1;1;1;1;1;1;1;1;1;1;1;1;1;1;1;1;1;0;1;1;1;0;1;
U9;SRVG83;2024-12-30;12:33:05;JUANITA;1;1;1;1;0;1;1;1;1;1;1;1;1;1;1;1;1;1;1;1;1;1;0;1;1;1;1;1;BUS SUCIO EN SU INTERIOR
U9;SRVL15;2024-12-30;12:35:06;JUANITA;1;1;1;1;0;1;1;1;1;1;1;1;1;1;1;1;1;1;1;1;1;1;0;1;1;1;0;1;
U9;SRVG88;2024-12-30;12:36:03;JUANITA;1;1;1;1;0;1;1;1;1;1;1;1;1;1;1;1;1;1;1;1;1;1;0;1;1;1;1;1;BUS SUCIO EN SU INTERIOR
U9;SRVH71;2024-12-30;12:37:08;JUANITA;1;1;1;1;0;1;1;1;1;1;1;1;1;1;1;1;1;1;1;1;1;1;0;1;1;1;1;1;
U9;SRVH10;2024-12-30;12:38:30;JUANITA;1;1;1;1;0;1;1;1;1;1;1;1;1;1;1;1;1;1;1;1;1;0;0;1;1;1;0;1;
U9;SRVF84;2024-12-30;12:39:27;JUANITA;1;1;1;1;0;1;1;1;1;1;1;1;1;1;1;1;1;1;1;1;1;0;0;1;1;1;1;1;BUS CON BASURA EN SU INTERIOR, BUS SUCIO EN SU INTERIOR
U9;LCPG39;2024-12-30;12:41:34;JUANITA;1;1;1;1;0;1;1;1;1;1;1;1;1;1;1;1;1;1;1;1;1;0;1;1;1;1;1;1;A18 BUS SUCIO 
U9;SRVG70;2024-12-30;12:41:46;JUANITA;1;1;1;1;0;1;1;1;1;1;1;1;1;1;1;1;1;1;1;1;1;0;0;1;1;1;0;0;
U9;SRVL75;2024-12-30;12:44:15;JUANITA;1;1;1;1;0;1;1;1;1;1;1;1;1;1;1;1;1;1;1;1;1;0;1;1;1;1;1;1;BUS SUCIO EN SU INTERIOR, CABINA PASAJERO CON BASURA
U9;LBTT24;2024-12-30;12:47:06;JUANITA;0;1;1;1;0;0;1;1;1;1;1;1;1;1;1;1;1;1;1;1;1;0;0;1;1;1;0;1;
U9;FLXR84;2025-01-02;11:09:58;A. LUCO;1;0;1;1;0;1;1;0;1;1;1;1;1;1;1;1;1;1;1;1;1;1;0;1;1;1;1;1;
U9;FLXR74;2025-01-02;11:11:44;A. LUCO;1;1;1;1;0;1;1;1;1;1;1;1;1;1;1;1;1;1;1;1;1;0;1;1;1;1;1;1;
U9;SHXG94;2025-01-02;11:11:49;A. LUCO;0;1;1;1;0;0;1;1;1;1;1;1;1;1;1;1;1;1;1;1;1;0;1;1;1;1;1;1;
U9;SHCW79;2025-01-02;11:12:55;A. LUCO;0;1;1;1;1;0;1;1;1;1;1;1;1;1;1;1;1;1;1;1;1;1;1;1;1;1;1;1;
U9;FLXR93;2025-01-02;11:13:39;A. LUCO;1;0;0;0;0;1;0;1;1;1;1;0;1;1;1;1;0;1;1;1;1;1;0;1;1;1;1;1;
U9;SHCW61;2025-01-02;11:15:45;A. LUCO;1;1;1;1;1;1;1;1;1;1;1;1;1;1;1;1;1;1;1;1;1;1;1;1;1;1;1;1;
U9;SPZX57;2025-01-03;12:50:23;PIE ANDINO;1;1;1;1;1;1;1;1;1;1;1;1;1;1;1;1;1;1;1;1;1;1;1;1;1;1;1;1;
U9;SPZX82;2025-01-03;12:54:18;PIE ANDINO;1;1;1;1;1;1;1;1;1;1;1;1;1;1;1;1;1;1;1;1;1;1;1;1;1;1;1;1;
U9;SPZX83;2025-01-03;12:58:03;PIE ANDINO;1;1;1;1;1;1;1;1;1;1;1;1;1;1;1;1;1;1;1;1;1;1;1;1;1;1;1;1;
U9;SPZY53;2025-01-03;13:01:25;PIE ANDINO;1;1;1;1;1;1;1;1;1;1;1;1;1;1;1;1;1;1;1;1;1;1;1;1;1;1;1;1;
U9;SRVK82;2025-01-03;13:12:31;PIE ANDINO;1;1;1;1;1;1;1;1;1;1;1;1;1;1;1;1;1;1;1;1;1;1;1;1;1;1;1;1;
U9;LBTT15;2025-01-06;12:01:33;JUANITA;0;1;1;1;0;0;1;1;1;1;1;1;1;1;1;1;1;1;1;1;1;1;0;1;1;1;1;1;
U9;SRVG48;2025-01-06;12:02:40;JUANITA;1;1;1;1;0;1;1;1;1;1;1;1;1;1;1;1;1;1;1;1;1;1;0;1;1;1;1;1;
U9;STHD12;2025-01-06;12:04:03;JUANITA;1;1;1;1;0;1;1;1;1;1;1;1;1;1;1;1;1;1;1;1;1;0;1;1;1;1;1;1;
U9;SRVH45;2025-01-06;12:04:09;JUANITA;1;1;1;1;0;1;1;1;1;1;1;1;1;1;1;1;1;1;1;1;1;1;0;1;1;1;0;1;
U9;SRVG68;2025-01-06;12:04:34;JUANITA;1;1;1;1;0;1;1;1;1;1;1;1;1;1;1;1;1;1;1;1;1;0;1;1;1;1;1;1;
U9;SPZY64;2025-01-07;11:33:33;PIE ANDINO;1;1;1;1;1;1;1;1;1;1;1;1;1;1;1;1;1;1;1;1;1;1;1;1;1;1;1;1;
U9;SPZX64;2025-01-07;11:37:35;PIE ANDINO;1;1;1;1;1;1;1;1;1;1;1;1;1;1;1;1;1;1;1;1;1;1;1;1;1;1;1;1;
U9;SPZY78;2025-01-07;11:40:16;PIE ANDINO;1;1;1;1;1;1;1;1;1;1;1;1;1;1;1;1;1;1;1;1;1;1;1;1;1;1;1;1;
U9;SPZY42;2025-01-07;11:44:24;PIE ANDINO;1;1;1;1;1;1;1;1;1;1;1;1;1;1;1;1;1;1;1;1;1;1;1;1;1;1;1;1;
U9;SPZY49;2025-01-07;11:51:28;PIE ANDINO;1;1;1;1;1;1;1;1;1;1;1;1;1;1;1;1;1;1;1;1;1;1;1;1;1;1;1;1;
U9;SHXD86;2025-01-08;14:17:57;A. LUCO;1;1;1;1;1;1;1;1;1;1;1;1;1;1;1;1;1;1;1;1;1;1;1;1;1;1;1;1;
U9;SKPH71;2025-01-08;14:20:37;A. LUCO;1;1;1;1;0;1;1;1;1;1;1;1;1;1;1;1;1;1;1;1;1;1;1;1;1;1;1;0;
U9;FLXR85;2025-01-08;14:21:00;A. LUCO;1;1;1;1;0;1;1;1;1;1;1;1;1;1;1;1;1;1;1;1;1;1;0;1;1;1;1;0;
U9;SHCY41;2025-01-08;14:23:06;A. LUCO;1;1;1;1;0;1;1;1;1;1;1;1;1;1;1;1;1;1;1;1;1;1;0;1;1;1;1;1;
U9;SHCX27;2025-01-08;14:23:25;A. LUCO;1;1;1;1;0;1;1;1;1;1;1;1;1;1;1;1;1;1;1;1;1;0;0;1;1;1;0;1;
U9;SRVG10;2025-01-09;14:30:12;JUANITA;1;1;1;1;0;1;1;1;1;1;1;1;1;1;1;1;1;1;1;1;1;0;0;1;1;1;1;1;
U9;LCTG30;2025-01-09;14:30:17;JUANITA;1;1;1;1;0;1;1;1;1;1;1;1;1;1;1;1;1;1;1;1;1;1;0;1;1;1;1;1;
U9;LCPG40;2025-01-09;14:32:22;JUANITA;1;1;1;1;0;1;1;1;1;1;1;1;1;1;1;1;1;1;1;1;1;0;0;1;1;1;1;0;
U9;LBTS87;2025-01-09;14:33:06;JUANITA;1;1;1;1;0;1;1;1;1;1;1;1;1;1;1;1;1;1;1;1;1;0;0;1;1;1;0;1;
U9;LBTS96;2025-01-09;14:34:57;JUANITA;1;1;1;1;0;1;1;1;1;1;1;1;1;1;1;1;1;1;1;1;1;1;0;1;1;1;1;1;
U9;SHXF18;2025-01-10;13:39:03;PIE ANDINO;1;1;1;1;1;1;1;1;1;1;1;1;1;1;1;1;1;1;1;1;1;1;1;1;1;1;1;1;
U9;SHXF40;2025-01-10;13:39:40;PIE ANDINO;1;1;1;1;1;1;1;1;1;1;1;1;1;1;1;1;1;1;1;1;1;1;1;1;1;1;1;1;
U9;SHXF22;2025-01-10;13:40:25;PIE ANDINO;1;1;1;1;0;1;1;1;1;1;1;1;1;1;1;1;1;1;1;1;1;0;1;1;1;1;1;1;
U9;SPZY51;2025-01-10;13:41:25;PIE ANDINO;1;1;1;1;0;1;1;1;1;1;1;1;1;1;1;1;1;1;1;1;1;1;0;1;1;1;1;1;
U9;SHCY42;2025-01-10;13:45:04;PIE ANDINO;1;1;1;1;1;1;1;1;1;1;1;1;1;1;1;1;1;1;1;1;1;1;1;1;1;1;1;1;
U9;SPZX73;2025-01-13;13:02:23;PIE ANDINO;1;1;1;1;1;1;1;1;1;1;1;1;1;1;1;1;1;1;1;1;1;1;1;1;1;1;1;1;
U9;SPZX81;2025-01-13;13:04:56;PIE ANDINO;1;1;1;1;1;1;1;1;1;1;1;1;1;1;1;1;1;1;1;1;1;1;1;1;1;1;1;1;
U9;SPZY69;2025-01-13;13:07:09;PIE ANDINO;1;1;1;1;1;1;1;1;1;1;1;1;1;1;1;1;1;1;1;1;1;1;1;1;1;1;1;1;
U9;SPZY55;2025-01-13;13:09:19;PIE ANDINO;1;1;1;1;1;1;1;1;1;1;1;1;1;1;1;1;1;1;1;1;1;1;1;1;1;1;1;1;
U9;SPZX66;2025-01-13;13:11:53;PIE ANDINO;1;1;1;1;1;1;1;1;1;1;1;1;1;1;1;1;1;1;1;1;1;1;1;1;1;1;1;1;
U9;LCPG36;2025-01-14;13:56:33;JUANITA;1;1;1;1;1;1;1;1;1;1;1;1;1;1;1;1;1;1;1;1;1;1;1;1;1;1;1;1;
U9;SRVF83;2025-01-14;13:59:19;JUANITA;1;1;1;1;0;1;1;1;1;1;1;1;1;1;1;1;1;1;1;1;1;1;0;1;1;1;1;1;
U9;SRVJ43;2025-01-14;14:05:01;JUANITA;1;1;1;1;0;1;1;1;1;1;1;1;1;1;1;1;1;1;1;1;1;0;0;1;1;1;1;1;
U9;LCPG34;2025-01-14;14:09:50;JUANITA;1;1;1;1;1;1;1;1;1;1;1;1;1;1;1;1;1;1;1;1;1;1;1;1;1;1;1;1;
U9;SRVH10;2025-01-14;14:14:34;JUANITA;1;1;1;1;0;1;1;1;1;1;1;1;1;1;1;1;1;1;1;1;1;1;0;1;1;1;1;1;
U9;SHCX31;2025-01-15;11:18:41;A. LUCO;0;1;1;1;0;0;1;1;1;1;1;1;1;1;1;1;1;1;1;1;1;0;0;1;1;1;1;1;
U9;SHCX44;2025-01-15;11:22:07;A. LUCO;0;1;1;1;0;0;1;1;1;1;1;1;1;1;1;1;1;1;1;1;1;1;0;1;1;1;1;0;
U9;SHXD94;2025-01-15;11:26:33;A. LUCO;0;1;1;1;0;0;1;1;1;1;1;1;1;1;1;1;1;1;1;1;1;0;0;1;1;1;1;0;
U9;SHCX30;2025-01-15;11:30:43;A. LUCO;0;1;1;1;0;0;1;1;1;1;1;1;1;1;1;1;1;1;1;1;1;1;0;1;1;1;1;1;
U9;FLXR83;2025-01-15;11:36:16;A. LUCO;1;0;0;0;0;1;0;1;1;1;1;0;1;1;1;1;0;1;1;1;1;0;0;1;1;1;1;0;
U9;LCPG50;2025-01-16;13:46:08;JUANITA;1;1;1;1;0;1;1;1;1;1;1;1;1;1;1;1;1;1;1;1;1;0;0;1;1;1;1;0;
U9;LCPG43;2025-01-16;13:46:22;JUANITA;1;1;1;0;0;1;1;1;1;1;1;1;1;1;1;1;0;1;1;1;1;0;1;1;1;1;1;0;
U9;LBTT18;2025-01-16;13:49:26;JUANITA;1;1;1;0;0;1;1;1;1;1;1;1;1;1;1;1;0;1;1;1;1;0;0;1;1;1;1;0;
U9;SRVF96;2025-01-16;13:50:41;JUANITA;1;1;1;1;0;1;1;1;1;1;1;1;1;1;1;1;1;1;1;1;1;0;0;1;1;1;1;0;
U9;SRVH71;2025-01-16;13:53:19;JUANITA;1;1;1;1;0;1;1;1;1;1;1;1;1;1;1;1;1;1;1;1;1;0;0;1;1;1;1;1;
U9;SHXD84;2025-01-17;12:15:56;PIE ANDINO;1;1;1;1;1;1;1;1;1;1;1;1;1;1;1;1;1;1;1;1;1;1;1;1;1;1;1;1;
U9;SPZY79;2025-01-17;12:21:54;PIE ANDINO;1;1;1;1;1;1;1;1;1;1;1;1;1;1;1;1;1;1;1;1;1;1;1;1;1;1;1;1;
U9;SPZX84;2025-01-17;12:28:40;PIE ANDINO;1;1;1;1;1;1;1;1;1;1;1;1;1;1;1;1;1;1;1;1;1;1;1;1;1;1;1;1;
U9;FLXR86;2025-01-20;9:55:28;A. LUCO;1;1;1;1;0;1;1;1;1;1;1;1;1;1;1;1;1;1;1;1;1;0;0;1;1;1;1;1;
U9;FLXR81;2025-01-20;10:01:57;A. LUCO;1;1;1;1;0;1;1;1;1;1;1;1;1;1;1;1;1;1;1;1;1;1;0;1;1;1;1;1;
U9;FLXR78;2025-01-20;10:04:21;A. LUCO;1;0;0;0;0;1;0;1;1;1;1;0;1;1;1;1;0;1;1;1;1;0;1;1;1;1;1;1;
U9;FLXR82;2025-01-20;10:08:04;A. LUCO;1;1;1;1;0;1;1;1;1;1;1;1;1;1;1;1;1;1;1;1;1;0;0;1;1;1;0;1;
U9;SHCY56;2025-01-20;10:09:53;A. LUCO;0;1;1;1;0;0;1;1;1;1;1;1;1;1;1;1;1;1;1;1;1;1;1;1;1;1;0;1;
U9;SRVL45;2025-01-21;9:23:14;JUANITA;1;1;1;1;0;1;1;1;1;1;1;1;1;1;1;1;1;1;1;1;1;1;0;1;1;1;1;1;
U9;SRVF76;2025-01-21;9:24:27;JUANITA;1;1;1;1;0;1;1;1;1;1;1;1;1;1;1;1;1;1;1;1;1;1;0;1;1;1;1;1;
U9;SPZX70;2025-01-21;9:25:41;JUANITA;1;1;1;1;0;1;1;1;1;1;1;1;1;1;1;1;1;1;1;1;1;0;0;1;1;1;1;1;
U9;SRVJ39;2025-01-21;9:27:27;JUANITA;1;1;1;1;0;1;1;1;1;1;1;1;1;1;1;1;1;1;1;1;1;1;0;1;1;1;1;1;
U9;LBTS81;2025-01-21;9:29:04;JUANITA;1;0;1;1;0;1;0;1;1;1;1;1;1;1;1;1;1;1;1;1;1;0;0;1;1;1;1;1;
U9;SPZY71;2025-01-22;9:50:41;PIE ANDINO;1;1;1;1;1;1;1;1;1;1;1;1;1;1;1;1;1;1;1;1;1;1;1;1;1;1;1;1;
U9;SHXD57;2025-01-22;9:56:01;PIE ANDINO;1;1;1;1;1;1;1;1;1;1;1;1;1;1;1;1;1;1;1;1;1;1;1;1;1;1;1;1;
U9;SHCY63;2025-01-22;9:57:13;PIE ANDINO;1;1;1;1;1;1;1;1;1;1;1;1;1;1;1;1;1;1;1;1;1;1;1;1;1;1;1;1;
U9;SHXF36;2025-01-22;10:02:25;PIE ANDINO;1;1;1;1;1;1;1;1;1;1;1;1;1;1;1;1;1;1;1;1;1;1;1;1;1;1;1;1;
U9;SRVJ90;2025-01-23;14:42:14;JUANITA;1;1;1;1;0;1;1;1;1;1;1;1;1;1;1;1;1;1;1;1;1;1;0;1;1;1;0;1;
U9;LCTG27;2025-01-23;14:44:19;JUANITA;1;1;1;1;0;1;1;1;1;1;1;1;1;1;1;1;1;1;1;1;1;0;1;1;1;1;1;1;
U9;LCTG29;2025-01-23;14:49:12;JUANITA;1;1;1;1;0;1;1;1;1;1;1;1;1;1;1;1;1;1;1;1;1;1;0;1;1;1;1;1;
U9;LCTG43;2025-01-23;14:51:34;JUANITA;1;0;1;1;0;1;0;1;1;1;1;1;1;1;1;1;1;1;1;1;1;1;1;1;1;1;1;0;
U9;SRVJ64;2025-01-23;14:54:33;JUANITA;1;1;1;1;0;1;1;1;1;1;1;1;1;1;1;1;1;1;1;1;1;1;0;1;1;1;1;1;
U9;SRVK82;2025-01-24;11:13:28;PIE ANDINO;0;1;1;1;1;0;1;1;1;1;1;1;1;1;1;1;1;1;1;1;1;1;1;1;1;1;1;1;
U9;SHCY42;2025-01-24;11:16:04;PIE ANDINO;1;1;1;1;1;1;1;1;1;1;1;1;1;1;1;1;1;1;1;1;1;1;1;1;1;1;1;1;
U9;SRVK73;2025-01-24;11:18:28;PIE ANDINO;0;1;1;1;1;0;1;1;1;1;1;1;1;1;1;1;1;1;1;1;1;1;1;1;1;1;1;1;
U9;SHXG86;2025-01-24;11:22:02;PIE ANDINO;0;1;1;1;1;0;1;1;1;1;1;1;1;1;1;1;1;1;1;1;1;1;1;1;1;1;1;1;
U9;SHXD57;2025-01-24;11:23:11;PIE ANDINO;1;1;1;1;1;1;1;1;1;1;1;1;1;1;1;1;1;1;1;1;1;1;1;1;1;1;1;1;
U9;SHCY60;2025-01-27;11:26:16;PIE ANDINO;1;1;1;1;1;1;1;1;1;1;1;1;1;1;1;1;1;1;1;1;1;1;1;1;1;1;1;1;
U9;SPZX72;2025-01-27;11:26:44;PIE ANDINO;1;1;1;1;1;1;1;1;1;1;1;1;1;1;1;1;1;1;1;1;1;1;1;1;1;1;1;1;
U9;SHCY63;2025-01-27;11:26:46;PIE ANDINO;1;1;1;1;0;1;1;1;1;1;1;1;1;1;1;1;1;1;1;1;1;0;0;1;1;1;1;1;
U9;SHXF36;2025-01-27;11:27:39;PIE ANDINO;1;1;1;1;1;1;1;1;1;1;1;1;1;1;1;1;1;1;1;1;1;1;1;1;1;1;1;1;
U9;SHXF18;2025-01-27;11:28:42;PIE ANDINO;1;1;1;1;1;1;1;1;1;1;1;1;1;1;1;1;1;1;1;1;1;1;1;1;1;1;1;1;
U9;SHCX31;2025-01-28;12:27:50;A. LUCO;1;1;1;1;1;1;1;1;1;1;1;1;1;1;1;1;1;1;1;1;1;1;1;1;1;1;1;1;
U9;FLXR78;2025-01-28;12:30:21;A. LUCO;1;1;1;1;1;1;1;1;1;1;1;1;1;1;1;1;1;1;1;1;1;1;1;1;1;1;1;1;
U9;SHXG94;2025-01-28;12:32:56;A. LUCO;0;1;1;1;0;0;1;1;1;1;1;1;1;1;1;1;1;1;1;1;1;0;1;1;1;1;1;1;
U9;FLXR82;2025-01-28;12:33:34;A. LUCO;1;1;1;1;1;1;1;1;1;1;1;1;1;1;1;1;1;1;1;1;1;1;1;1;1;1;1;1;
U9;LCPG39;2025-01-30;10:36:18;JUANITA;1;1;1;1;0;1;1;1;1;1;1;1;1;1;1;1;1;1;1;1;1;1;0;1;1;1;1;1;
U9;LCPG44;2025-01-30;10:36:34;JUANITA;1;1;1;1;1;1;1;1;1;1;1;1;1;1;1;1;1;1;1;1;1;1;1;1;1;1;1;1;
U9;LCTG30;2025-01-30;10:38:48;JUANITA;0;1;1;1;0;0;1;1;1;1;1;1;1;1;1;1;1;1;1;1;1;0;0;1;1;1;1;1;
U9;SRVJ43;2025-01-30;10:39:04;JUANITA;1;1;1;1;0;1;1;1;1;1;1;1;1;1;1;1;1;1;1;1;1;0;1;1;1;1;1;1;
U9;SHXD84;2025-01-30;12:08:25;PIE ANDINO;1;1;1;1;1;1;1;1;1;1;1;1;1;1;1;1;1;1;1;1;1;1;1;1;1;1;1;1;
U9;SHXD82;2025-01-30;12:08:34;PIE ANDINO;1;1;1;1;1;1;1;1;1;1;1;1;1;1;1;1;1;1;1;1;1;1;1;1;1;1;1;1;
U9;SPZY71;2025-01-30;12:12:20;PIE ANDINO;1;1;1;1;1;1;1;1;1;1;1;1;1;1;1;1;1;1;1;1;1;1;1;1;1;1;1;1;
U9;SRVJ17;2025-01-30;12:13:37;PIE ANDINO;1;1;1;1;1;1;1;1;1;1;1;1;1;1;1;1;1;1;1;1;1;1;1;1;1;1;1;1;
U9;SPZX47;2025-01-30;12:14:56;PIE ANDINO;1;1;1;1;1;1;1;1;1;1;1;1;1;1;1;1;1;1;1;1;1;1;1;1;1;1;1;1;
U8;SHXF26;2025-01-02;13:07:04;STA. MARGARITA;1;1;1;1;0;1;1;1;1;1;1;1;1;1;1;1;1;1;1;1;1;0;0;1;1;1;1;1;
U8;SJPD89;2025-01-02;13:07:51;STA. MARGARITA;1;1;1;1;0;1;1;1;1;1;1;1;1;1;1;1;1;1;1;1;1;1;0;1;1;1;1;1;
U8;SJPC56;2025-01-02;13:09:17;STA. MARGARITA;1;1;1;1;0;1;1;1;1;1;1;1;1;1;1;1;1;1;1;1;1;0;0;1;1;1;1;1;
U8;SHXG32;2025-01-02;13:11:11;STA. MARGARITA;1;1;1;0;0;1;1;1;1;1;1;1;1;1;1;1;0;1;1;1;1;0;0;0;1;1;1;0;
U8;SJPD99;2025-01-02;13:11:28;STA. MARGARITA;1;1;1;1;0;1;1;1;1;1;1;1;1;1;1;1;1;1;1;1;1;1;0;1;1;1;1;1;
U8;SHCY57;2025-01-03;11:11:43;SANTA MARTA;1;1;1;1;0;1;1;1;1;1;1;1;1;1;1;1;1;1;1;1;1;0;1;1;1;1;1;1;
U8;FLXS51;2025-01-03;11:15:47;SANTA MARTA;1;1;1;1;1;1;1;1;1;1;1;1;1;1;1;1;1;1;1;1;1;1;1;1;1;1;1;1;
U8;FLXP69;2025-01-03;11:18:13;SANTA MARTA;1;1;1;1;1;1;1;1;1;1;1;1;1;1;1;1;1;1;1;1;1;1;1;1;1;1;1;1;
U8;FLXP73;2025-01-03;11:21:11;SANTA MARTA;1;1;1;1;1;1;1;1;1;1;1;1;1;1;1;1;1;1;1;1;1;1;1;1;1;1;1;1;
U8;STGZ85;2025-01-03;11:24:03;SANTA MARTA;1;1;1;1;1;1;1;1;1;1;1;1;1;1;1;1;1;1;1;1;1;1;1;1;1;1;1;1;
U8;SJPC41;2025-01-06;13:03:01;EL RETIRO;0;1;1;1;0;0;1;1;1;1;1;1;1;1;1;1;1;1;1;1;1;0;0;1;1;1;1;0;
U8;SJPC44;2025-01-06;13:03:36;EL RETIRO;1;1;1;0;0;1;0;1;1;1;1;1;1;1;1;1;1;1;1;1;1;0;0;1;1;1;1;1;
U8;SJPC52;2025-01-06;13:06:59;EL RETIRO;1;1;1;1;0;1;1;1;1;1;1;1;1;1;1;1;1;1;1;1;1;0;0;1;1;1;1;1;
U8;SHCY32;2025-01-06;13:07:52;EL RETIRO;1;1;1;1;0;1;1;1;1;1;1;1;1;1;1;1;1;1;1;1;1;0;0;1;1;1;1;1;
U8;LXDH93;2025-01-06;13:09:53;EL RETIRO;1;1;1;1;0;1;1;1;1;1;1;1;1;1;1;1;1;1;1;1;1;0;0;1;1;1;1;1;
U8;SHXG87;2025-01-07;14:56:00;CONDELL;0;1;1;1;0;0;1;1;1;1;1;1;1;1;1;1;1;1;1;1;1;0;0;0;1;1;1;1;
U8;LDTG67;2025-01-07;14:56:38;CONDELL;1;1;1;1;1;1;1;1;1;1;1;1;1;1;1;1;1;1;1;1;1;1;1;1;1;1;1;1;
U8;LDSX94;2025-01-07;14:59:27;CONDELL;1;1;1;1;0;1;1;1;1;1;1;1;1;1;1;1;1;1;1;1;1;0;0;1;1;1;1;1;
U8;LFGW31;2025-01-07;15:00:45;CONDELL;1;1;1;1;0;1;1;1;1;1;1;1;1;1;1;1;1;1;1;1;1;1;1;1;1;1;1;0;
U8;LDSX95;2025-01-07;15:00:50;CONDELL;0;1;1;1;1;0;1;1;1;1;1;1;1;1;1;1;1;1;1;1;1;1;1;1;1;1;1;1;
U8;LDJW30;2025-01-07;15:02:03;CONDELL;1;1;1;1;1;1;1;1;1;1;1;1;1;1;1;1;1;1;1;1;1;1;1;1;1;1;1;1;
U8;SJPD91;2025-01-08;12:49:17;STA. MARGARITA;1;1;1;1;0;1;1;1;1;1;1;1;1;1;1;1;1;1;1;1;1;1;1;1;1;1;1;0;
U8;SJPC37;2025-01-08;12:50:14;STA. MARGARITA;0;1;1;1;0;0;1;1;1;1;1;1;1;1;1;1;1;1;1;1;1;0;1;0;1;1;1;1;
U8;SHXG34;2025-01-08;12:52:24;STA. MARGARITA;1;1;1;1;0;1;1;1;1;1;1;1;1;1;1;1;1;1;1;1;1;0;1;0;1;1;1;1;
U8;SJPC38;2025-01-08;12:53:48;STA. MARGARITA;1;1;1;1;0;1;1;1;1;1;1;1;1;1;1;1;1;1;1;1;1;1;0;0;1;1;1;1;
U8;SJPF87;2025-01-08;13:14:52;STA. MARGARITA;1;1;1;1;0;1;1;1;1;1;1;1;1;1;1;1;1;1;1;1;1;1;1;0;1;1;1;0;
U8;STHF77;2025-01-09;11:34:20;SANTA MARTA;1;1;1;1;1;1;1;1;1;1;1;1;1;1;1;1;1;1;1;1;1;1;1;1;1;1;1;1;
U8;STHK36;2025-01-09;11:34:31;SANTA MARTA;1;1;1;1;0;1;1;1;1;1;1;1;1;1;1;1;1;1;1;1;1;0;0;1;1;1;1;1;
U8;STHC54;2025-01-09;11:34:37;SANTA MARTA;1;1;1;1;0;1;1;1;1;1;1;1;1;1;1;1;1;1;1;1;1;0;0;1;1;1;1;1;
U8;STHF31;2025-01-09;11:36:03;SANTA MARTA;1;1;1;1;1;1;1;1;1;1;1;1;1;1;1;1;1;1;1;1;1;1;1;1;1;1;1;1;
U8;SHCY17;2025-01-13;9:51:21;EL RETIRO;0;1;1;1;0;0;1;1;1;1;1;1;1;1;1;1;1;1;1;1;1;0;0;1;1;1;1;1;
U8;SJPD90;2025-01-13;9:54:51;EL RETIRO;0;1;1;1;0;0;1;1;1;1;1;1;1;1;1;1;1;1;1;1;1;0;0;1;1;1;1;0;
U8;SHXD78;2025-01-13;9:56:20;EL RETIRO;0;1;1;1;0;0;1;1;1;1;1;1;1;1;1;1;1;1;1;1;1;1;0;1;1;1;0;0;
U8;SJPD94;2025-01-13;10:01:20;EL RETIRO;0;1;1;0;0;0;1;1;1;1;1;1;1;1;1;1;0;1;1;1;1;0;0;1;1;1;1;1;
U8;SHCY39;2025-01-13;10:04:39;EL RETIRO;0;1;1;1;0;0;1;1;1;1;1;1;1;1;1;1;1;1;1;1;1;0;0;1;1;1;0;1;
U8;SHXG30;2025-01-14;11:59:27;STA. MARGARITA;1;1;1;1;0;1;1;1;1;1;1;1;1;1;1;1;1;1;1;1;1;1;1;0;1;1;1;0;
U8;SHXF28;2025-01-14;12:00:05;STA. MARGARITA;0;1;1;1;0;0;1;1;1;1;1;1;1;1;1;1;1;1;1;1;1;0;0;1;1;1;1;1;
U8;SHXF27;2025-01-14;12:07:23;STA. MARGARITA;1;1;1;1;0;1;1;1;1;1;1;1;1;1;1;1;1;1;1;1;1;0;1;0;1;1;1;1;
U8;LXDJ25;2025-01-15;10:32:06;EL RETIRO;1;1;1;0;0;1;1;1;1;1;1;1;1;1;1;1;0;1;1;1;1;0;0;1;1;1;1;0;
U8;SHXC20;2025-01-15;10:33:36;EL RETIRO;1;1;1;0;0;1;1;1;1;1;1;1;1;1;1;1;0;1;1;1;1;0;1;1;1;1;1;1;
U8;SJPD96;2025-01-15;10:35:58;EL RETIRO;0;1;1;1;0;0;1;1;1;1;1;1;1;1;1;1;1;1;1;1;1;0;0;1;1;1;1;1;
U8;LXDH94;2025-01-15;10:40:32;EL RETIRO;1;1;1;1;0;1;1;1;1;1;1;1;1;1;1;1;1;1;1;1;1;0;0;1;1;1;1;0;
U8;SHCY55;2025-01-15;10:42:18;EL RETIRO;1;1;0;1;1;1;1;1;1;1;1;0;1;1;1;1;1;1;1;1;1;1;1;1;1;1;1;1;
U8;LFGW21;2025-01-15;11:10:56;CONDELL;1;0;0;0;0;1;0;1;1;1;1;0;1;1;1;1;0;1;1;1;1;0;1;1;1;1;1;1;
U8;LFGJ92;2025-01-15;11:13:20;CONDELL;0;0;1;1;0;0;0;1;1;1;1;1;1;1;1;1;1;1;1;1;1;0;0;1;1;1;1;1;
U8;LDTG63;2025-01-15;11:16:55;CONDELL;0;0;1;0;1;0;0;1;1;1;1;1;1;1;1;1;0;1;1;1;1;1;1;1;1;1;1;1;
U8;LDJW31;2025-01-15;11:17:08;CONDELL;1;1;1;1;1;1;1;1;1;1;1;1;1;1;1;1;1;1;1;1;1;1;1;1;1;1;1;1;
U8;LDJV52;2025-01-15;11:20:09;CONDELL;0;1;0;1;0;0;1;1;1;1;1;0;1;1;1;1;1;1;1;1;1;1;0;1;1;1;1;1;
U8;LFGJ95;2025-01-15;11:22:49;CONDELL;1;1;1;1;1;1;1;1;1;1;1;1;1;1;1;1;1;1;1;1;1;1;1;1;1;1;1;1;
U8;STHF13;2025-01-15;11:26:03;CONDELL;1;0;1;1;0;1;0;1;1;1;1;1;1;1;1;1;1;1;1;1;1;0;1;1;1;1;1;1;
U8;SKHG14;2025-01-15;11:29:12;CONDELL;1;1;1;1;1;1;1;1;1;1;1;1;1;1;1;1;1;1;1;1;1;1;1;1;1;1;1;1;
U8;LXDJ18;2025-01-16;10:32:08;STA. MARGARITA;1;1;1;1;0;1;1;1;1;1;1;1;1;1;1;1;1;1;1;1;1;0;0;1;1;1;1;1;
U8;LXDJ31;2025-01-16;10:37:00;STA. MARGARITA;1;1;1;1;0;1;1;1;1;1;1;1;1;1;1;1;1;1;1;1;1;0;0;1;0;1;1;0;
U8;LXDH85;2025-01-16;10:40:20;STA. MARGARITA;1;1;1;1;0;1;1;1;1;1;1;1;1;1;1;1;1;1;1;1;1;0;0;1;1;1;1;0;
U8;SJPC49;2025-01-16;10:43:34;STA. MARGARITA;0;1;1;1;0;0;1;1;1;1;1;1;1;1;1;1;1;1;1;1;1;0;0;1;1;1;1;1;
U8;SJPD92;2025-01-16;10:44:45;STA. MARGARITA;0;1;1;1;0;0;1;1;1;1;1;1;1;1;1;1;1;1;1;1;1;1;0;0;1;1;1;0;
U8;LXDH88;2025-01-16;10:51:36;STA. MARGARITA;1;1;1;1;0;1;1;1;1;1;1;1;1;1;1;1;1;1;1;1;1;0;1;1;1;1;1;1;
U8;LXDJ26;2025-01-16;10:57:37;STA. MARGARITA;1;1;1;1;0;1;1;1;1;1;1;1;1;1;1;1;1;1;1;1;1;1;0;1;1;1;1;0;
U8;SHXG31;2025-01-16;11:03:25;STA. MARGARITA;1;1;1;1;0;1;1;1;1;1;1;1;1;1;1;1;1;1;1;1;1;1;0;1;1;1;1;0;
U8;STHJ99;2025-01-17;11:18:53;SANTA MARTA;1;1;1;1;1;1;1;1;1;1;1;1;1;1;1;1;1;1;1;1;1;1;1;1;1;1;1;1;
U8;LDJW46;2025-01-17;11:18:56;SANTA MARTA;1;1;1;1;0;1;1;1;1;1;1;1;1;1;1;1;1;1;1;1;1;0;1;1;1;1;1;1;
U8;SHCY64;2025-01-17;11:21:10;SANTA MARTA;1;1;1;1;1;1;1;1;1;1;1;1;1;1;1;1;1;1;1;1;1;1;1;1;1;1;1;1;
U8;STHJ98;2025-01-17;11:22:29;SANTA MARTA;1;1;1;1;1;1;1;1;1;1;1;1;1;1;1;1;1;1;1;1;1;1;1;1;1;1;1;1;
U8;SHXF45;2025-01-17;11:24:55;SANTA MARTA;1;1;0;1;0;1;1;1;1;1;1;0;1;1;1;1;1;1;1;1;1;0;1;1;1;1;1;1;
U8;SJPC30;2025-01-20;9:20:30;SANTA MARTA;0;1;1;1;0;0;1;1;1;1;1;1;1;1;1;1;1;1;1;1;1;1;0;1;1;1;1;1;
U8;SHCY36;2025-01-20;9:24:26;SANTA MARTA;0;1;1;1;0;0;1;1;1;1;1;1;1;1;1;1;1;1;1;1;1;1;0;1;1;1;1;1;
U8;STHR80;2025-01-20;9:27:56;SANTA MARTA;1;1;1;1;0;1;1;1;1;1;1;1;1;1;1;1;1;1;1;1;1;1;0;1;1;1;0;1;
U8;SHCY51;2025-01-20;9:31:10;SANTA MARTA;0;1;1;1;0;0;1;1;1;1;1;1;1;1;1;1;1;1;1;1;1;0;0;1;1;1;1;1;
U8;SHCY16;2025-01-20;9:34:32;SANTA MARTA;0;1;1;1;0;0;1;1;1;1;1;1;1;1;1;1;1;1;1;1;1;1;0;1;1;1;1;1;
U8;SKHG90;2025-01-21;12:44:41;CONDELL;1;1;1;1;0;1;1;1;1;1;1;1;1;1;1;1;1;1;1;1;1;1;0;1;1;1;1;1;
U8;SPZX34;2025-01-21;12:49:10;CONDELL;1;1;1;1;0;1;1;1;1;1;1;1;1;1;1;1;1;1;1;1;1;0;0;1;1;1;1;1;
U8;SKHG80;2025-01-21;12:49:58;CONDELL;1;1;1;1;0;1;1;1;1;1;1;1;1;1;1;1;1;1;1;1;1;1;0;1;1;1;1;1;
U8;SKHG82;2025-01-21;12:52:21;CONDELL;1;1;1;1;0;1;1;1;1;1;1;1;1;1;1;1;1;1;1;1;1;0;0;1;1;1;1;1;
U8;SKHG93;2025-01-21;12:52:50;CONDELL;1;1;1;1;0;1;1;1;1;1;1;1;1;1;1;1;1;1;1;1;1;1;0;1;1;1;1;1;
U8;SJTD56;2025-01-21;12:54:29;CONDELL;1;1;1;1;0;1;1;1;1;1;1;1;1;1;1;1;1;1;1;1;1;0;0;1;1;1;1;1;
U8;SHXD76;2025-01-22;12:49:00;STA. MARGARITA;1;1;1;1;0;1;1;1;1;1;1;1;1;1;1;1;1;1;1;1;1;0;1;1;1;1;1;1;
U8;SJPD95;2025-01-22;12:50:07;STA. MARGARITA;1;1;1;1;0;1;1;1;1;1;1;1;1;1;1;1;1;1;1;1;1;0;0;1;1;1;1;1;
U8;SHXG17;2025-01-22;12:52:03;STA. MARGARITA;1;1;1;1;0;1;1;1;1;1;1;1;1;1;1;1;1;1;1;1;1;0;1;1;1;1;1;1;
U8;SHXF30;2025-01-22;12:56:08;STA. MARGARITA;1;1;1;1;0;1;1;1;1;1;1;1;1;1;1;1;1;1;1;1;1;0;0;1;1;1;1;1;
U8;SJPC48;2025-01-22;13:46:40;STA. MARGARITA;1;1;1;1;0;1;1;1;1;1;1;1;1;1;1;1;1;1;1;1;1;0;0;1;1;1;1;0;
U8;SKHG59;2025-01-23;13:59:46;EL RETIRO;1;1;1;1;0;1;1;1;1;1;1;1;1;1;1;1;1;1;1;1;1;0;0;1;1;1;1;1;
U8;LXDJ10;2025-01-23;14:04:10;EL RETIRO;0;1;1;1;0;0;1;1;1;1;1;1;1;1;1;1;1;1;1;1;1;0;0;1;1;1;1;0;
U8;SKHG65;2025-01-23;14:07:41;EL RETIRO;1;1;1;1;0;1;1;1;1;1;1;1;1;1;1;1;1;1;1;1;1;0;0;1;1;1;1;1;
U8;SJPC35;2025-01-24;14:15:27;CONDELL;0;1;1;1;0;0;1;1;1;1;1;1;1;1;1;1;1;1;1;1;1;0;1;0;1;1;1;1;
U8;LDTG66;2025-01-24;14:19:23;CONDELL;1;1;1;1;1;1;1;1;1;1;1;1;1;1;1;1;1;1;1;1;1;1;1;1;1;1;1;1;
U8;LDSX94;2025-01-24;14:19:40;CONDELL;1;0;0;0;1;1;0;1;1;1;1;0;1;1;1;1;0;1;1;1;1;1;1;1;1;1;1;1;
U8;SJPD91;2025-01-24;14:22:56;CONDELL;1;1;1;1;0;1;1;1;1;1;1;1;1;1;1;1;1;1;1;1;1;0;0;1;1;1;1;1;
U8;LDJV52;2025-01-24;14:23:39;CONDELL;1;1;0;1;1;1;1;1;1;1;1;0;1;1;1;1;1;1;1;1;1;1;1;1;1;1;1;1;
U8;SHXG17;2025-01-27;12:20:18;STA. MARGARITA;0;1;1;1;1;0;1;1;1;1;1;1;1;1;1;1;1;1;1;1;1;1;1;1;1;1;1;1;
U8;SJPC68;2025-01-27;12:20:32;STA. MARGARITA;0;1;1;1;0;0;1;1;1;1;1;1;1;1;1;1;1;1;1;1;1;1;1;0;1;1;1;1;
U8;SHXF27;2025-01-27;12:23:51;STA. MARGARITA;0;1;1;1;0;0;1;1;1;1;1;1;1;1;1;1;1;1;1;1;1;1;0;1;1;1;1;0;
U8;LXDH88;2025-01-27;12:27:48;STA. MARGARITA;1;1;1;0;1;1;1;1;1;1;1;1;1;1;1;1;0;1;1;1;1;1;1;1;1;1;1;1;
U8;SJPD90;2025-01-27;12:29:07;STA. MARGARITA;0;1;1;1;1;0;1;1;1;1;1;1;1;1;1;1;1;1;1;1;1;1;1;1;1;1;1;1;
U8;SKHF87;2025-01-28;11:26:27;EL RETIRO;1;1;1;1;0;1;1;1;1;1;1;1;1;1;1;1;1;1;1;1;1;0;0;1;1;1;1;1;
U8;STHF42;2025-01-28;11:27:22;EL RETIRO;1;1;1;1;0;1;1;1;1;1;1;1;1;1;1;1;1;1;1;1;1;0;0;1;1;1;1;1;
U8;STHF62;2025-01-28;11:31:05;EL RETIRO;0;1;1;1;0;0;1;1;1;1;1;1;1;1;1;1;1;1;1;1;1;0;1;1;1;1;1;0;
U8;LDJW36;2025-01-28;11:35:45;EL RETIRO;0;1;1;1;0;0;1;1;1;1;1;1;1;1;1;1;1;1;1;1;1;1;0;1;1;1;1;1;
