Total;Oct;Nov.;INTERNO;INTERNO;TERMINAL;21-oct;22-oct;23-oct;24-oct;25-oct;26-oct;27-oct;28-oct;29-oct;30-oct;31-oct;01-nov;02-nov;03-nov;04-nov;05-nov;06-nov;07-nov;08-nov;09-nov;10-nov;11-nov;12-nov;13-nov;14-nov;15-nov;16-nov;17-nov;18-nov;19-nov;20-nov;21-nov;22-nov;23-nov;24-nov;25-nov;26-nov
2;1;1;5006;SHCX60;PIE ANDINO;FULL;;;;;;;;;;;BARRIDO/MOPA;;BARRIDO/MOPA;EXTERNO/EXPRESS;BARRIDO/MOPA;EXTERNO/EXPRESS;BARRIDO/MOPA;BARRIDO/MOPA;;;BARRIDO/MOPA;BARRIDO/MOPA;BARRIDO/MOPA;EXTERNO/EXPRESS;;;BARRIDO/MOPA;FULL;BARRIDO/MOPA;BARRIDO/MOPA;;BARRIDO/MOPA;BARRIDO/MOPA;BARRIDO/MOPA;BARRIDO/MOPA;
1;0;1;5007;SHCY42;PIE ANDINO;;;;;;;;;;;;BARRIDO/MOPA;;BARRIDO/MOPA;EXTERNO/EXPRESS;;EXTERNO/EXPRESS;;;;BARRIDO/MOPA;BARRIDO/MOPA;EXTERNO/EXPRESS;BARRIDO/MOPA;BARRIDO/MOPA;EXTERNO/EXPRESS;;BARRIDO/MOPA;;EXTERNO/EXPRESS;BARRIDO/MOPA;FULL;;BARRIDO/MOPA;BARRIDO/MOPA;EXTERNO/EXPRESS;
2;1;1;5009;SHCY60;PIE ANDINO;FULL;;;;;;;;;;;EXTERNO/EXPRESS;;BARRIDO/MOPA;BARRIDO/MOPA;EXTERNO/EXPRESS;BARRIDO/MOPA;;;;BARRIDO/MOPA;EXTERNO/EXPRESS;BARRIDO/MOPA;;EXTERNO/EXPRESS;FULL;;BARRIDO/MOPA;EXTERNO/EXPRESS;BARRIDO/MOPA;BARRIDO/MOPA;BARRIDO/MOPA;EXTERNO/EXPRESS;BARRIDO/MOPA;BARRIDO/MOPA;EXTERNO/EXPRESS;
2;1;1;5010;SHXD57;PIE ANDINO;;FULL;;;;;;;;;;;;BARRIDO/MOPA;EXTERNO/EXPRESS;BARRIDO/MOPA;EXTERNO/EXPRESS;BARRIDO/MOPA;EXTERNO/EXPRESS;;BARRIDO/MOPA;BARRIDO/MOPA;BARRIDO/MOPA;BARRIDO/MOPA;BARRIDO/MOPA;EXTERNO/EXPRESS;;BARRIDO/MOPA;BARRIDO/MOPA;BARRIDO/MOPA;BARRIDO/MOPA;;FULL;BARRIDO/MOPA;;BARRIDO/MOPA;
2;2;0;5011;SHXF18;PIE ANDINO;FULL;FULL;;;;;;;;;;EXTERNO/EXPRESS;;BARRIDO/MOPA;BARRIDO/MOPA;EXTERNO/EXPRESS;EXTERNO/EXPRESS;;EXTERNO/EXPRESS;;BARRIDO/MOPA;EXTERNO/EXPRESS;BARRIDO/MOPA;BARRIDO/MOPA;EXTERNO/EXPRESS;;;BARRIDO/MOPA;BARRIDO/MOPA;BARRIDO/MOPA;BARRIDO/MOPA;BARRIDO/MOPA;BARRIDO/MOPA;BARRIDO/MOPA;BARRIDO/MOPA;EXTERNO/EXPRESS;
1;0;1;5012;SHXF36;PIE ANDINO;;;;;;;;;;;;BARRIDO/MOPA;;;EXTERNO/EXPRESS;EXTERNO/EXPRESS;BARRIDO/MOPA;EXTERNO/EXPRESS;BARRIDO/MOPA;;BARRIDO/MOPA;BARRIDO/MOPA;BARRIDO/MOPA;BARRIDO/MOPA;EXTERNO/EXPRESS;;;BARRIDO/MOPA;BARRIDO/MOPA;FULL;BARRIDO/MOPA;;BARRIDO/MOPA;BARRIDO/MOPA;BARRIDO/MOPA;;
1;1;0;5013;SHXF39;PIE ANDINO;;FULL;;;;;;;;;;BARRIDO/MOPA;;;EXTERNO/EXPRESS;BARRIDO/MOPA;BARRIDO/MOPA;EXTERNO/EXPRESS;EXTERNO/EXPRESS;;BARRIDO/MOPA;BARRIDO/MOPA;EXTERNO/EXPRESS;BARRIDO/MOPA;EXTERNO/EXPRESS;;;BARRIDO/MOPA;BARRIDO/MOPA;EXTERNO/EXPRESS;BARRIDO/MOPA;EXTERNO/EXPRESS;;;;;
2;1;1;5014;SHXF40;PIE ANDINO;FULL;;;;;;;;;;;;;;;EXTERNO/EXPRESS;;BARRIDO/MOPA;EXTERNO/EXPRESS;;;;BARRIDO/MOPA;BARRIDO/MOPA;FULL;;;BARRIDO/MOPA;BARRIDO/MOPA;EXTERNO/EXPRESS;BARRIDO/MOPA;EXTERNO/EXPRESS;BARRIDO/MOPA;BARRIDO/MOPA;;EXTERNO/EXPRESS;
1;1;0;5015;SHXG86;PIE ANDINO;;FULL;;;;;;;;;;BARRIDO/MOPA;;BARRIDO/MOPA;EXTERNO/EXPRESS;EXTERNO/EXPRESS;EXTERNO/EXPRESS;EXTERNO/EXPRESS;BARRIDO/MOPA;;;BARRIDO/MOPA;BARRIDO/MOPA;BARRIDO/MOPA;BARRIDO/MOPA;;;BARRIDO/MOPA;EXTERNO/EXPRESS;BARRIDO/MOPA;BARRIDO/MOPA;EXTERNO/EXPRESS;;;BARRIDO/MOPA;BARRIDO/MOPA;
1;0;1;5016;SHCY61;PIE ANDINO;;;;;;;;;;;;EXTERNO/EXPRESS;;BARRIDO/MOPA;EXTERNO/EXPRESS;BARRIDO/MOPA;EXTERNO/EXPRESS;BARRIDO/MOPA;;;;EXTERNO/EXPRESS;EXTERNO/EXPRESS;EXTERNO/EXPRESS;EXTERNO/EXPRESS;BARRIDO/MOPA;;BARRIDO/MOPA;EXTERNO/EXPRESS;BARRIDO/MOPA;BARRIDO/MOPA;EXTERNO/EXPRESS;BARRIDO/MOPA;;FULL;;
1;0;1;5017;SHCY63;PIE ANDINO;;;;;;;;;;;;BARRIDO/MOPA;;BARRIDO/MOPA;EXTERNO/EXPRESS;BARRIDO/MOPA;;BARRIDO/MOPA;BARRIDO/MOPA;;BARRIDO/MOPA;BARRIDO/MOPA;BARRIDO/MOPA;BARRIDO/MOPA;BARRIDO/MOPA;EXTERNO/EXPRESS;;BARRIDO/MOPA;BARRIDO/MOPA;BARRIDO/MOPA;BARRIDO/MOPA;EXTERNO/EXPRESS;BARRIDO/MOPA;;BARRIDO/MOPA;FULL;
3;2;1;5018;SHXD82;PIE ANDINO;FULL;FULL;;;;;;;;;;BARRIDO/MOPA;;BARRIDO/MOPA;EXTERNO/EXPRESS;BARRIDO/MOPA;EXTERNO/EXPRESS;;BARRIDO/MOPA;;BARRIDO/MOPA;BARRIDO/MOPA;BARRIDO/MOPA;FULL;BARRIDO/MOPA;EXTERNO/EXPRESS;;BARRIDO/MOPA;BARRIDO/MOPA;BARRIDO/MOPA;EXTERNO/EXPRESS;BARRIDO/MOPA;BARRIDO/MOPA;;;EXTERNO/EXPRESS;
1;0;1;5019;SHXD84;PIE ANDINO;;;;;;;;;;;;BARRIDO/MOPA;;BARRIDO/MOPA;BARRIDO/MOPA;FULL;;BARRIDO/MOPA;EXTERNO/EXPRESS;;BARRIDO/MOPA;BARRIDO/MOPA;BARRIDO/MOPA;BARRIDO/MOPA;BARRIDO/MOPA;EXTERNO/EXPRESS;;BARRIDO/MOPA;EXTERNO/EXPRESS;EXTERNO/EXPRESS;EXTERNO/EXPRESS;BARRIDO/MOPA;BARRIDO/MOPA;;BARRIDO/MOPA;;
1;0;1;5020;SHXF22;PIE ANDINO;;;;;;;;;;;;;;BARRIDO/MOPA;EXTERNO/EXPRESS;EXTERNO/EXPRESS;EXTERNO/EXPRESS;EXTERNO/EXPRESS;EXTERNO/EXPRESS;;BARRIDO/MOPA;BARRIDO/MOPA;EXTERNO/EXPRESS;BARRIDO/MOPA;EXTERNO/EXPRESS;;;BARRIDO/MOPA;BARRIDO/MOPA;EXTERNO/EXPRESS;FULL;BARRIDO/MOPA;BARRIDO/MOPA;BARRIDO/MOPA;BARRIDO/MOPA;EXTERNO/EXPRESS;
2;1;1;5022;SHCY65;PIE ANDINO;FULL;;;;;;;;;;;BARRIDO/MOPA;;;EXTERNO/EXPRESS;BARRIDO/MOPA;EXTERNO/EXPRESS;;FULL;;;BARRIDO/MOPA;EXTERNO/EXPRESS;EXTERNO/EXPRESS;EXTERNO/EXPRESS;BARRIDO/MOPA;;;EXTERNO/EXPRESS;BARRIDO/MOPA;BARRIDO/MOPA;BARRIDO/MOPA;BARRIDO/MOPA;BARRIDO/MOPA;BARRIDO/MOPA;EXTERNO/EXPRESS;
1;1;0;6020;FLXR77;PIE ANDINO;;FULL;;;;;;;;;;;;BARRIDO/MOPA;BARRIDO/MOPA;BARRIDO/MOPA;BARRIDO/MOPA;BARRIDO/MOPA;;;BARRIDO/MOPA;BARRIDO/MOPA;;EXTERNO/EXPRESS;BARRIDO/MOPA;;;BARRIDO/MOPA;BARRIDO/MOPA;BARRIDO/MOPA;BARRIDO/MOPA;BARRIDO/MOPA;;;;;
1;1;0;6021;FLXS32;PIE ANDINO;FULL;;;;;;;;;;;;;BARRIDO/MOPA;BARRIDO/MOPA;BARRIDO/MOPA;BARRIDO/MOPA;BARRIDO/MOPA;;;BARRIDO/MOPA;BARRIDO/MOPA;BARRIDO/MOPA;BARRIDO/MOPA;EXTERNO/EXPRESS;;;BARRIDO/MOPA;BARRIDO/MOPA;BARRIDO/MOPA;BARRIDO/MOPA;;;BARRIDO/MOPA;;;
1;0;1;6022;FLXS33;PIE ANDINO;;;;;;;;;;;;;;;BARRIDO/MOPA;BARRIDO/MOPA;BARRIDO/MOPA;BARRIDO/MOPA;;;BARRIDO/MOPA;;BARRIDO/MOPA;BARRIDO/MOPA;BARRIDO/MOPA;BARRIDO/MOPA;;;BARRIDO/MOPA;FULL;;BARRIDO/MOPA;;;;;
1;1;0;6023;FLXS38;PIE ANDINO;;FULL;;;;;;;;;;;;;BARRIDO/MOPA;BARRIDO/MOPA;;BARRIDO/MOPA;;;BARRIDO/MOPA;BARRIDO/MOPA;BARRIDO/MOPA;;;;;;;;;;;;;;
2;1;1;6024;FLXS39;PIE ANDINO;;FULL;;;;;;;;;;;;BARRIDO/MOPA;BARRIDO/MOPA;BARRIDO/MOPA;;BARRIDO/MOPA;;;;;;;;;;BARRIDO/MOPA;;EXTERNO/EXPRESS;BARRIDO/MOPA;;FULL;;;;
2;2;0;6025;FLXS40;PIE ANDINO;;FULL;;;;;;;;;FULL;;;BARRIDO/MOPA;BARRIDO/MOPA;BARRIDO/MOPA;BARRIDO/MOPA;BARRIDO/MOPA;;;BARRIDO/MOPA;;EXTERNO/EXPRESS;;BARRIDO/MOPA;;;;;;BARRIDO/MOPA;BARRIDO/MOPA;;BARRIDO/MOPA;;;
1;0;1;6026;FLXS41;PIE ANDINO;;;;;;;;;;;;;;BARRIDO/MOPA;;FULL;;;;;;;;;;;;;;;EXTERNO/EXPRESS;BARRIDO/MOPA;BARRIDO/MOPA;BARRIDO/MOPA;;;
1;1;0;6027;LBTS75;PIE ANDINO;;;FULL;;;;;;;;;;;BARRIDO/MOPA;;BARRIDO/MOPA;BARRIDO/MOPA;BARRIDO/MOPA;;;;;BARRIDO/MOPA;BARRIDO/MOPA;BARRIDO/MOPA;;;;;BARRIDO/MOPA;;;;BARRIDO/MOPA;;;
1;1;0;6028;LBTS76;PIE ANDINO;FULL;;;;;;;;;;;;;;;BARRIDO/MOPA;EXTERNO/EXPRESS;BARRIDO/MOPA;;;;;;EXTERNO/EXPRESS;;;;BARRIDO/MOPA;EXTERNO/EXPRESS;;EXTERNO/EXPRESS;EXTERNO/EXPRESS;;;;;
2;2;0;6029;LBTS77;PIE ANDINO;;;FULL;;;;;;FULL;;;;;BARRIDO/MOPA;BARRIDO/MOPA;BARRIDO/MOPA;BARRIDO/MOPA;;;;BARRIDO/MOPA;BARRIDO/MOPA;EXTERNO/EXPRESS;BARRIDO/MOPA;;;;;BARRIDO/MOPA;BARRIDO/MOPA;EXTERNO/EXPRESS;;;;;;
0;0;0;6030;LBTS78;PIE ANDINO;;;;;;;;;;;;;;;;;;;;;;;;;;;;;;;BARRIDO/MOPA;;;;;;
1;1;0;6037;LBTS86;PIE ANDINO;;;FULL;;;;;;;;;;;BARRIDO/MOPA;BARRIDO/MOPA;;BARRIDO/MOPA;EXTERNO/EXPRESS;EXTERNO/EXPRESS;;BARRIDO/MOPA;BARRIDO/MOPA;EXTERNO/EXPRESS;BARRIDO/MOPA;BARRIDO/MOPA;EXTERNO/EXPRESS;;BARRIDO/MOPA;BARRIDO/MOPA;BARRIDO/MOPA;BARRIDO/MOPA;;EXTERNO/EXPRESS;;;;
2;1;1;6039;LBTS88;PIE ANDINO;;FULL;;;;;;;;;;;;BARRIDO/MOPA;BARRIDO/MOPA;;;BARRIDO/MOPA;;;;;;BARRIDO/MOPA;BARRIDO/MOPA;FULL;;BARRIDO/MOPA;;;EXTERNO/EXPRESS;;;BARRIDO/MOPA;;;
1;1;0;6048;LBTS97;PIE ANDINO;;;FULL;;;;;;;;;;;;BARRIDO/MOPA;BARRIDO/MOPA;BARRIDO/MOPA;BARRIDO/MOPA;EXTERNO/EXPRESS;;;;;BARRIDO/MOPA;EXTERNO/EXPRESS;BARRIDO/MOPA;;;;BARRIDO/MOPA;EXTERNO/EXPRESS;EXTERNO/EXPRESS;;;;;
1;1;0;6049;LBTS98;PIE ANDINO;;;;;;;;;;;FULL;EXTERNO/EXPRESS;;;BARRIDO/MOPA;;;BARRIDO/MOPA;;;BARRIDO/MOPA;BARRIDO/MOPA;BARRIDO/MOPA;BARRIDO/MOPA;;;;BARRIDO/MOPA;EXTERNO/EXPRESS;BARRIDO/MOPA;BARRIDO/MOPA;;;BARRIDO/MOPA;BARRIDO/MOPA;;
2;1;1;6050;LBTS99;PIE ANDINO;;;;;;;;;;;FULL;;;BARRIDO/MOPA;BARRIDO/MOPA;BARRIDO/MOPA;EXTERNO/EXPRESS;BARRIDO/MOPA;EXTERNO/EXPRESS;;BARRIDO/MOPA;;BARRIDO/MOPA;FULL;BARRIDO/MOPA;;;BARRIDO/MOPA;EXTERNO/EXPRESS;BARRIDO/MOPA;;BARRIDO/MOPA;;;;EXTERNO/EXPRESS;
0;0;0;6051;LBTT10;PIE ANDINO;;;;;;;;;;;;;;BARRIDO/MOPA;BARRIDO/MOPA;BARRIDO/MOPA;BARRIDO/MOPA;BARRIDO/MOPA;EXTERNO/EXPRESS;;BARRIDO/MOPA;BARRIDO/MOPA;BARRIDO/MOPA;EXTERNO/EXPRESS;EXTERNO/EXPRESS;;;BARRIDO/MOPA;EXTERNO/EXPRESS;BARRIDO/MOPA;;;EXTERNO/EXPRESS;;;BARRIDO/MOPA;
2;2;0;6052;LBTT11;PIE ANDINO;;;FULL;;;;;FULL;;;;EXTERNO/EXPRESS;;BARRIDO/MOPA;BARRIDO/MOPA;BARRIDO/MOPA;EXTERNO/EXPRESS;EXTERNO/EXPRESS;EXTERNO/EXPRESS;;BARRIDO/MOPA;BARRIDO/MOPA;BARRIDO/MOPA;BARRIDO/MOPA;EXTERNO/EXPRESS;;;BARRIDO/MOPA;;BARRIDO/MOPA;EXTERNO/EXPRESS;;EXTERNO/EXPRESS;;;;
1;1;0;6053;LBTT12;PIE ANDINO;;;;FULL;;;;;;;;;;;EXTERNO/EXPRESS;BARRIDO/MOPA;EXTERNO/EXPRESS;EXTERNO/EXPRESS;;;;;BARRIDO/MOPA;BARRIDO/MOPA;BARRIDO/MOPA;;;BARRIDO/MOPA;BARRIDO/MOPA;EXTERNO/EXPRESS;BARRIDO/MOPA;EXTERNO/EXPRESS;EXTERNO/EXPRESS;;;EXTERNO/EXPRESS;
2;1;1;6054;LBTT13;PIE ANDINO;;;;;;;;FULL;;;;;;BARRIDO/MOPA;EXTERNO/EXPRESS;EXTERNO/EXPRESS;FULL;BARRIDO/MOPA;EXTERNO/EXPRESS;;BARRIDO/MOPA;BARRIDO/MOPA;EXTERNO/EXPRESS;;BARRIDO/MOPA;EXTERNO/EXPRESS;;BARRIDO/MOPA;BARRIDO/MOPA;;BARRIDO/MOPA;BARRIDO/MOPA;EXTERNO/EXPRESS;BARRIDO/MOPA;;;
3;3;0;6055;LBTT14;PIE ANDINO;;;FULL;FULL;;;;;;;FULL;;;BARRIDO/MOPA;EXTERNO/EXPRESS;BARRIDO/MOPA;BARRIDO/MOPA;BARRIDO/MOPA;;;BARRIDO/MOPA;BARRIDO/MOPA;BARRIDO/MOPA;;BARRIDO/MOPA;EXTERNO/EXPRESS;;;;BARRIDO/MOPA;;BARRIDO/MOPA;BARRIDO/MOPA;;;;
1;1;0;6060;LBTT19;PIE ANDINO;;;;;;;;;;;FULL;;;BARRIDO/MOPA;BARRIDO/MOPA;EXTERNO/EXPRESS;BARRIDO/MOPA;BARRIDO/MOPA;EXTERNO/EXPRESS;;BARRIDO/MOPA;BARRIDO/MOPA;EXTERNO/EXPRESS;BARRIDO/MOPA;;;;BARRIDO/MOPA;BARRIDO/MOPA;BARRIDO/MOPA;BARRIDO/MOPA;EXTERNO/EXPRESS;;;;BARRIDO/MOPA;
4;3;1;6061;LBTT20;PIE ANDINO;;;FULL;FULL;;;;;;;FULL;;;;BARRIDO/MOPA;BARRIDO/MOPA;EXTERNO/EXPRESS;;;;BARRIDO/MOPA;;;;FULL;;;;BARRIDO/MOPA;;BARRIDO/MOPA;EXTERNO/EXPRESS;;;;;
0;0;0;6063;LBTT22;PIE ANDINO;;;;;;;;;;;;;;BARRIDO/MOPA;;BARRIDO/MOPA;EXTERNO/EXPRESS;BARRIDO/MOPA;EXTERNO/EXPRESS;;;BARRIDO/MOPA;EXTERNO/EXPRESS;BARRIDO/MOPA;;;;BARRIDO/MOPA;BARRIDO/MOPA;BARRIDO/MOPA;EXTERNO/EXPRESS;;;;;;
1;1;0;6066;LBTT25;PIE ANDINO;;;;;;;;FULL;;;;;;BARRIDO/MOPA;;EXTERNO/EXPRESS;EXTERNO/EXPRESS;;;;BARRIDO/MOPA;BARRIDO/MOPA;EXTERNO/EXPRESS;;;EXTERNO/EXPRESS;;;EXTERNO/EXPRESS;BARRIDO/MOPA;EXTERNO/EXPRESS;BARRIDO/MOPA;EXTERNO/EXPRESS;;;EXTERNO/EXPRESS;
2;2;0;6068;LCPG32;PIE ANDINO;;;;FULL;FULL;;;;;;;;;;BARRIDO/MOPA;BARRIDO/MOPA;BARRIDO/MOPA;BARRIDO/MOPA;EXTERNO/EXPRESS;;;BARRIDO/MOPA;EXTERNO/EXPRESS;BARRIDO/MOPA;EXTERNO/EXPRESS;EXTERNO/EXPRESS;;BARRIDO/MOPA;BARRIDO/MOPA;BARRIDO/MOPA;EXTERNO/EXPRESS;BARRIDO/MOPA;EXTERNO/EXPRESS;BARRIDO/MOPA;;EXTERNO/EXPRESS;
0;0;0;6069;LCPG33;PIE ANDINO;;;;;;;;;;;;;;BARRIDO/MOPA;;BARRIDO/MOPA;BARRIDO/MOPA;BARRIDO/MOPA;EXTERNO/EXPRESS;;BARRIDO/MOPA;;;EXTERNO/EXPRESS;BARRIDO/MOPA;EXTERNO/EXPRESS;;;BARRIDO/MOPA;EXTERNO/EXPRESS;BARRIDO/MOPA;EXTERNO/EXPRESS;EXTERNO/EXPRESS;;;;
1;1;0;6077;LCPG41;PIE ANDINO;;;;;FULL;;;;;;;;;;;;EXTERNO/EXPRESS;EXTERNO/EXPRESS;;;BARRIDO/MOPA;;EXTERNO/EXPRESS;BARRIDO/MOPA;BARRIDO/MOPA;EXTERNO/EXPRESS;;BARRIDO/MOPA;;BARRIDO/MOPA;BARRIDO/MOPA;BARRIDO/MOPA;;;;;
2;0;2;6082;LCPG46;PIE ANDINO;;;;;;;;;;;;;;;;;;;;;;FULL;FULL;BARRIDO/MOPA;BARRIDO/MOPA;;;BARRIDO/MOPA;BARRIDO/MOPA;EXTERNO/EXPRESS;BARRIDO/MOPA;BARRIDO/MOPA;EXTERNO/EXPRESS;;;EXTERNO/EXPRESS;
3;3;0;6083;LCPG47;PIE ANDINO;;;FULL;FULL;FULL;;;;;;;;;;;BARRIDO/MOPA;;BARRIDO/MOPA;;;BARRIDO/MOPA;BARRIDO/MOPA;BARRIDO/MOPA;EXTERNO/EXPRESS;EXTERNO/EXPRESS;EXTERNO/EXPRESS;;BARRIDO/MOPA;BARRIDO/MOPA;;BARRIDO/MOPA;BARRIDO/MOPA;EXTERNO/EXPRESS;;;;
1;1;0;6084;LCPG48;PIE ANDINO;;;;;;;;FULL;;;;;;BARRIDO/MOPA;EXTERNO/EXPRESS;BARRIDO/MOPA;BARRIDO/MOPA;BARRIDO/MOPA;EXTERNO/EXPRESS;;BARRIDO/MOPA;BARRIDO/MOPA;;BARRIDO/MOPA;BARRIDO/MOPA;EXTERNO/EXPRESS;;BARRIDO/MOPA;;;EXTERNO/EXPRESS;EXTERNO/EXPRESS;;;;;
1;0;1;6089;LCPW28;PIE ANDINO;;;;;;;;;;;;;;BARRIDO/MOPA;BARRIDO/MOPA;;;EXTERNO/EXPRESS;EXTERNO/EXPRESS;;BARRIDO/MOPA;BARRIDO/MOPA;BARRIDO/MOPA;BARRIDO/MOPA;;;;BARRIDO/MOPA;BARRIDO/MOPA;;EXTERNO/EXPRESS;;;;;FULL;
2;2;0;6090;LCPW29;PIE ANDINO;;;;FULL;FULL;;;;;;;;;BARRIDO/MOPA;BARRIDO/MOPA;EXTERNO/EXPRESS;BARRIDO/MOPA;BARRIDO/MOPA;;;BARRIDO/MOPA;BARRIDO/MOPA;;BARRIDO/MOPA;BARRIDO/MOPA;EXTERNO/EXPRESS;;BARRIDO/MOPA;BARRIDO/MOPA;BARRIDO/MOPA;EXTERNO/EXPRESS;;;;;;
0;0;0;6091;SHCW69;PIE ANDINO;;;;;;;;;;;;;;BARRIDO/MOPA;BARRIDO/MOPA;;BARRIDO/MOPA;EXTERNO/EXPRESS;;;;BARRIDO/MOPA;BARRIDO/MOPA;;;;;;;;EXTERNO/EXPRESS;BARRIDO/MOPA;;;;;
2;2;0;6092;SHCW74;PIE ANDINO;;;;FULL;FULL;;;;;;;;;;BARRIDO/MOPA;;BARRIDO/MOPA;BARRIDO/MOPA;;;;;BARRIDO/MOPA;EXTERNO/EXPRESS;;;;BARRIDO/MOPA;;BARRIDO/MOPA;BARRIDO/MOPA;;;;;;
1;1;0;6094;SHCW62;PIE ANDINO;;;;;;;;FULL;;;;;;;BARRIDO/MOPA;EXTERNO/EXPRESS;BARRIDO/MOPA;;;;;BARRIDO/MOPA;BARRIDO/MOPA;BARRIDO/MOPA;BARRIDO/MOPA;;;BARRIDO/MOPA;BARRIDO/MOPA;;BARRIDO/MOPA;BARRIDO/MOPA;;BARRIDO/MOPA;;;
1;1;0;6095;SHCW63;PIE ANDINO;;;;;FULL;;;;;;;;;;BARRIDO/MOPA;BARRIDO/MOPA;BARRIDO/MOPA;;;;BARRIDO/MOPA;;BARRIDO/MOPA;;BARRIDO/MOPA;;;BARRIDO/MOPA;;;;;;;;EXTERNO/EXPRESS;
2;0;2;6097;SHCW65;PIE ANDINO;;;;;;;;;;;;;;BARRIDO/MOPA;BARRIDO/MOPA;BARRIDO/MOPA;BARRIDO/MOPA;BARRIDO/MOPA;;;BARRIDO/MOPA;FULL;FULL;BARRIDO/MOPA;;;;;BARRIDO/MOPA;;BARRIDO/MOPA;BARRIDO/MOPA;EXTERNO/EXPRESS;;BARRIDO/MOPA;;
1;0;1;6098;SHCW67;PIE ANDINO;;;;;;;;;;;;FULL;;;BARRIDO/MOPA;;;;;;;;;BARRIDO/MOPA;;;;BARRIDO/MOPA;BARRIDO/MOPA;;;;;;;;
1;1;0;6099;SHCW68;PIE ANDINO;;;;;FULL;;;;;;;;;BARRIDO/MOPA;BARRIDO/MOPA;EXTERNO/EXPRESS;BARRIDO/MOPA;BARRIDO/MOPA;;;BARRIDO/MOPA;;BARRIDO/MOPA;BARRIDO/MOPA;BARRIDO/MOPA;;;BARRIDO/MOPA;BARRIDO/MOPA;EXTERNO/EXPRESS;;;;;;BARRIDO/MOPA;
2;2;0;6100;SHCW70;PIE ANDINO;;;;;;;;FULL;;;FULL;;;BARRIDO/MOPA;BARRIDO/MOPA;BARRIDO/MOPA;BARRIDO/MOPA;;;;;;BARRIDO/MOPA;;EXTERNO/EXPRESS;;;;BARRIDO/MOPA;;BARRIDO/MOPA;BARRIDO/MOPA;;BARRIDO/MOPA;;;
2;2;0;6102;SHCW72;PIE ANDINO;;;;FULL;FULL;;;;;;;EXTERNO/EXPRESS;;;;;;;;;;;BARRIDO/MOPA;BARRIDO/MOPA;;BARRIDO/MOPA;;BARRIDO/MOPA;;;;;;;;;
1;0;1;6107;SHCW78;PIE ANDINO;;;;;;;;;;;;;;BARRIDO/MOPA;EXTERNO/EXPRESS;BARRIDO/MOPA;;EXTERNO/EXPRESS;;;;BARRIDO/MOPA;BARRIDO/MOPA;;FULL;;;;;;EXTERNO/EXPRESS;;;;;;
3;1;2;6109;SHCW80;PIE ANDINO;;;;;;;;FULL;;;;FULL;;BARRIDO/MOPA;;BARRIDO/MOPA;;BARRIDO/MOPA;;;;BARRIDO/MOPA;EXTERNO/EXPRESS;;;;;;FULL;BARRIDO/MOPA;;EXTERNO/EXPRESS;;;;;
1;1;0;6110;SHCW81;PIE ANDINO;;;;;;;;;;;FULL;EXTERNO/EXPRESS;;;;BARRIDO/MOPA;BARRIDO/MOPA;BARRIDO/MOPA;;;BARRIDO/MOPA;;EXTERNO/EXPRESS;BARRIDO/MOPA;BARRIDO/MOPA;;;BARRIDO/MOPA;;BARRIDO/MOPA;;EXTERNO/EXPRESS;;BARRIDO/MOPA;;;
1;0;1;6113;SHCX28;PIE ANDINO;;;;;;;;;;;;;;BARRIDO/MOPA;BARRIDO/MOPA;BARRIDO/MOPA;BARRIDO/MOPA;BARRIDO/MOPA;;;BARRIDO/MOPA;BARRIDO/MOPA;BARRIDO/MOPA;;BARRIDO/MOPA;;;;BARRIDO/MOPA;BARRIDO/MOPA;;FULL;;;;;
1;0;1;6117;SHCX32;PIE ANDINO;;;;;;;;;;;;;;BARRIDO/MOPA;;;;;;;BARRIDO/MOPA;EXTERNO/EXPRESS;;;BARRIDO/MOPA;;;;;FULL;BARRIDO/MOPA;;;;;;
1;0;1;6118;SHCX33;PIE ANDINO;;;;;;;;;;;;;;;;BARRIDO/MOPA;EXTERNO/EXPRESS;;;;;BARRIDO/MOPA;;BARRIDO/MOPA;EXTERNO/EXPRESS;;;;;;;BARRIDO/MOPA;EXTERNO/EXPRESS;BARRIDO/MOPA;FULL;EXTERNO/EXPRESS;
2;1;1;6121;SHCY15;PIE ANDINO;;;;;FULL;;;;;;;FULL;;;BARRIDO/MOPA;;EXTERNO/EXPRESS;;EXTERNO/EXPRESS;;;;;EXTERNO/EXPRESS;;;;BARRIDO/MOPA;BARRIDO/MOPA;;BARRIDO/MOPA;BARRIDO/MOPA;EXTERNO/EXPRESS;;;;
0;0;0;6123;SHXD89;PIE ANDINO;;;;;;;;;;;;;;;BARRIDO/MOPA;;BARRIDO/MOPA;;;;;;BARRIDO/MOPA;BARRIDO/MOPA;;;;BARRIDO/MOPA;;BARRIDO/MOPA;;BARRIDO/MOPA;EXTERNO/EXPRESS;;;;
0;0;0;6126;SHXD92;PIE ANDINO;;;;;;;;;;;;EXTERNO/EXPRESS;;;EXTERNO/EXPRESS;BARRIDO/MOPA;BARRIDO/MOPA;;;;;;;;BARRIDO/MOPA;;;BARRIDO/MOPA;;EXTERNO/EXPRESS;BARRIDO/MOPA;;;;;;
0;0;0;6137;SHXG92;PIE ANDINO;;;;;;;;;;;;;;;BARRIDO/MOPA;BARRIDO/MOPA;BARRIDO/MOPA;;;;BARRIDO/MOPA;BARRIDO/MOPA;;BARRIDO/MOPA;BARRIDO/MOPA;;;;BARRIDO/MOPA;BARRIDO/MOPA;BARRIDO/MOPA;EXTERNO/EXPRESS;EXTERNO/EXPRESS;;;;
0;0;0;6138;SHXG93;PIE ANDINO;;;;;;;;;;;;;;BARRIDO/MOPA;BARRIDO/MOPA;BARRIDO/MOPA;BARRIDO/MOPA;BARRIDO/MOPA;;;;BARRIDO/MOPA;BARRIDO/MOPA;EXTERNO/EXPRESS;;;;BARRIDO/MOPA;;BARRIDO/MOPA;;EXTERNO/EXPRESS;;;;;
1;0;1;6140;SHXG95;PIE ANDINO;;;;;;;;;;;;FULL;;BARRIDO/MOPA;BARRIDO/MOPA;EXTERNO/EXPRESS;BARRIDO/MOPA;EXTERNO/EXPRESS;EXTERNO/EXPRESS;;BARRIDO/MOPA;;BARRIDO/MOPA;;BARRIDO/MOPA;;;BARRIDO/MOPA;EXTERNO/EXPRESS;;BARRIDO/MOPA;BARRIDO/MOPA;EXTERNO/EXPRESS;;;EXTERNO/EXPRESS;
0;0;0;6144;SJPC39;PIE ANDINO;;;;;;;;;;;;;;BARRIDO/MOPA;BARRIDO/MOPA;;BARRIDO/MOPA;BARRIDO/MOPA;;;BARRIDO/MOPA;;;;BARRIDO/MOPA;;;;BARRIDO/MOPA;;EXTERNO/EXPRESS;;;;BARRIDO/MOPA;;
0;0;0;6145;SJPC40;PIE ANDINO;;;;;;;;;;;;;;BARRIDO/MOPA;BARRIDO/MOPA;BARRIDO/MOPA;BARRIDO/MOPA;BARRIDO/MOPA;;;BARRIDO/MOPA;BARRIDO/MOPA;;BARRIDO/MOPA;BARRIDO/MOPA;;;BARRIDO/MOPA;;BARRIDO/MOPA;BARRIDO/MOPA;BARRIDO/MOPA;EXTERNO/EXPRESS;;BARRIDO/MOPA;;
0;0;0;6146;SJPC42;PIE ANDINO;;;;;;;;;;;;;;BARRIDO/MOPA;BARRIDO/MOPA;;;EXTERNO/EXPRESS;;;;;BARRIDO/MOPA;;BARRIDO/MOPA;;;BARRIDO/MOPA;BARRIDO/MOPA;;;;BARRIDO/MOPA;;;EXTERNO/EXPRESS;
0;0;0;6147;SJPC43;PIE ANDINO;;;;;;;;;;;;;;;;;BARRIDO/MOPA;;;;;;;;BARRIDO/MOPA;BARRIDO/MOPA;;BARRIDO/MOPA;BARRIDO/MOPA;BARRIDO/MOPA;EXTERNO/EXPRESS;BARRIDO/MOPA;;;;;
0;0;0;6148;SJPC75;PIE ANDINO;;;;;;;;;;;;EXTERNO/EXPRESS;;;BARRIDO/MOPA;BARRIDO/MOPA;EXTERNO/EXPRESS;BARRIDO/MOPA;;;BARRIDO/MOPA;BARRIDO/MOPA;;;BARRIDO/MOPA;;;BARRIDO/MOPA;BARRIDO/MOPA;BARRIDO/MOPA;BARRIDO/MOPA;EXTERNO/EXPRESS;;BARRIDO/MOPA;;BARRIDO/MOPA;
0;0;0;6149;SJPD87;PIE ANDINO;;;;;;;;;;;;EXTERNO/EXPRESS;;BARRIDO/MOPA;BARRIDO/MOPA;BARRIDO/MOPA;BARRIDO/MOPA;BARRIDO/MOPA;;;;;EXTERNO/EXPRESS;;BARRIDO/MOPA;;;BARRIDO/MOPA;BARRIDO/MOPA;EXTERNO/EXPRESS;;;;BARRIDO/MOPA;;EXTERNO/EXPRESS;
0;0;0;6150;SJPD98;PIE ANDINO;;;;;;;;;;;;;;;;EXTERNO/EXPRESS;BARRIDO/MOPA;BARRIDO/MOPA;EXTERNO/EXPRESS;;;BARRIDO/MOPA;;BARRIDO/MOPA;;;;BARRIDO/MOPA;;;;EXTERNO/EXPRESS;;BARRIDO/MOPA;;EXTERNO/EXPRESS;
0;0;0;6151;SJPF89;PIE ANDINO;;;;;;;;;;;;;;BARRIDO/MOPA;EXTERNO/EXPRESS;;BARRIDO/MOPA;BARRIDO/MOPA;;;;;BARRIDO/MOPA;;BARRIDO/MOPA;;;;BARRIDO/MOPA;BARRIDO/MOPA;;;;BARRIDO/MOPA;;EXTERNO/EXPRESS;
0;0;0;6152;SJPF90;PIE ANDINO;;;;;;;;;;;;;;BARRIDO/MOPA;EXTERNO/EXPRESS;;;BARRIDO/MOPA;;;BARRIDO/MOPA;BARRIDO/MOPA;;BARRIDO/MOPA;;;;;BARRIDO/MOPA;;BARRIDO/MOPA;BARRIDO/MOPA;;;;;
0;0;0;6154;SHCY19;PIE ANDINO;;;;;;;;;;;;;;;;BARRIDO/MOPA;;EXTERNO/EXPRESS;;;;BARRIDO/MOPA;BARRIDO/MOPA;BARRIDO/MOPA;BARRIDO/MOPA;;;;BARRIDO/MOPA;;BARRIDO/MOPA;;;BARRIDO/MOPA;;;
1;0;1;6158;SHXG89;PIE ANDINO;;;;;;;;;;;;;;;;BARRIDO/MOPA;;FULL;;;;BARRIDO/MOPA;;BARRIDO/MOPA;BARRIDO/MOPA;;;;EXTERNO/EXPRESS;;;BARRIDO/MOPA;;;;EXTERNO/EXPRESS;
1;0;1;6159;SJPD86;PIE ANDINO;;;;;;;;;;;;FULL;;;;;EXTERNO/EXPRESS;;;;;;BARRIDO/MOPA;BARRIDO/MOPA;;;;;;;;;BARRIDO/MOPA;BARRIDO/MOPA;;;
1;0;1;6161;TFYL48;PIE ANDINO;;;;;;;;;;;;;;BARRIDO/MOPA;;EXTERNO/EXPRESS;BARRIDO/MOPA;BARRIDO/MOPA;;;;BARRIDO/MOPA;BARRIDO/MOPA;BARRIDO/MOPA;BARRIDO/MOPA;;;BARRIDO/MOPA;BARRIDO/MOPA;;FULL;BARRIDO/MOPA;;;;;
0;0;0;7026;SPZX47;PIE ANDINO;;;;;;;;;;;;;;;;;;EXTERNO/EXPRESS;;;BARRIDO/MOPA;BARRIDO/MOPA;BARRIDO/MOPA;;;;;BARRIDO/MOPA;;EXTERNO/EXPRESS;BARRIDO/MOPA;EXTERNO/EXPRESS;;;;;
0;0;0;7027;SPZX48;PIE ANDINO;;;;;;;;;;;;;;;BARRIDO/MOPA;EXTERNO/EXPRESS;EXTERNO/EXPRESS;EXTERNO/EXPRESS;;;BARRIDO/MOPA;BARRIDO/MOPA;BARRIDO/MOPA;;;;;;BARRIDO/MOPA;EXTERNO/EXPRESS;BARRIDO/MOPA;EXTERNO/EXPRESS;;;BARRIDO/MOPA;BARRIDO/MOPA;
0;0;0;7029;SPZX53;PIE ANDINO;;;;;;;;;;;;;;;BARRIDO/MOPA;BARRIDO/MOPA;BARRIDO/MOPA;EXTERNO/EXPRESS;;;;BARRIDO/MOPA;EXTERNO/EXPRESS;BARRIDO/MOPA;BARRIDO/MOPA;EXTERNO/EXPRESS;;BARRIDO/MOPA;BARRIDO/MOPA;EXTERNO/EXPRESS;BARRIDO/MOPA;BARRIDO/MOPA;EXTERNO/EXPRESS;;;BARRIDO/MOPA;
0;0;0;7030;SPZX57;PIE ANDINO;;;;;;;;;;;;EXTERNO/EXPRESS;;;EXTERNO/EXPRESS;;;;;;BARRIDO/MOPA;BARRIDO/MOPA;BARRIDO/MOPA;BARRIDO/MOPA;;;;;BARRIDO/MOPA;BARRIDO/MOPA;BARRIDO/MOPA;EXTERNO/EXPRESS;;;;BARRIDO/MOPA;
0;0;0;7031;SPZX59;PIE ANDINO;;;;;;;;;;;;;;;;;;;;;;;;;;;;;;;;;;;;;
1;0;1;7032;SPZX62;PIE ANDINO;;;;;;;;;;;;EXTERNO/EXPRESS;;;EXTERNO/EXPRESS;;;;;;;BARRIDO/MOPA;;BARRIDO/MOPA;EXTERNO/EXPRESS;FULL;;;;EXTERNO/EXPRESS;BARRIDO/MOPA;BARRIDO/MOPA;;;;BARRIDO/MOPA;
1;0;1;7033;SPZX63;PIE ANDINO;;;;;;;;;;;;;;BARRIDO/MOPA;BARRIDO/MOPA;;BARRIDO/MOPA;;EXTERNO/EXPRESS;;BARRIDO/MOPA;BARRIDO/MOPA;;EXTERNO/EXPRESS;;EXTERNO/EXPRESS;;;;BARRIDO/MOPA;;BARRIDO/MOPA;;;;FULL;
1;0;1;7034;SPZX64;PIE ANDINO;;;;;;;;;;;;EXTERNO/EXPRESS;;;BARRIDO/MOPA;;FULL;;;;;BARRIDO/MOPA;BARRIDO/MOPA;;EXTERNO/EXPRESS;;;BARRIDO/MOPA;;;;;;;;EXTERNO/EXPRESS;
1;0;1;7035;SPZX65;PIE ANDINO;;;;;;;;;;;;;;;EXTERNO/EXPRESS;BARRIDO/MOPA;BARRIDO/MOPA;FULL;EXTERNO/EXPRESS;;BARRIDO/MOPA;BARRIDO/MOPA;EXTERNO/EXPRESS;BARRIDO/MOPA;BARRIDO/MOPA;EXTERNO/EXPRESS;;;BARRIDO/MOPA;;BARRIDO/MOPA;;BARRIDO/MOPA;;;EXTERNO/EXPRESS;
0;0;0;7036;SPZX66;PIE ANDINO;;;;;;;;;;;;;;;BARRIDO/MOPA;BARRIDO/MOPA;;EXTERNO/EXPRESS;;;;BARRIDO/MOPA;BARRIDO/MOPA;EXTERNO/EXPRESS;BARRIDO/MOPA;EXTERNO/EXPRESS;;;EXTERNO/EXPRESS;BARRIDO/MOPA;;EXTERNO/EXPRESS;;;BARRIDO/MOPA;BARRIDO/MOPA;
0;0;0;7037;SPZX67;PIE ANDINO;;;;;;;;;;;;;;BARRIDO/MOPA;;BARRIDO/MOPA;EXTERNO/EXPRESS;EXTERNO/EXPRESS;;;BARRIDO/MOPA;;BARRIDO/MOPA;EXTERNO/EXPRESS;BARRIDO/MOPA;;;;EXTERNO/EXPRESS;BARRIDO/MOPA;;;;;;EXTERNO/EXPRESS;
0;0;0;7038;SPZX68;PIE ANDINO;;;;;;;;;;;;;;BARRIDO/MOPA;BARRIDO/MOPA;BARRIDO/MOPA;EXTERNO/EXPRESS;EXTERNO/EXPRESS;EXTERNO/EXPRESS;;;;BARRIDO/MOPA;BARRIDO/MOPA;BARRIDO/MOPA;EXTERNO/EXPRESS;;;;;BARRIDO/MOPA;EXTERNO/EXPRESS;;;;BARRIDO/MOPA;
0;0;0;7039;SPZX69;PIE ANDINO;;;;;;;;;;;;EXTERNO/EXPRESS;;;BARRIDO/MOPA;BARRIDO/MOPA;;EXTERNO/EXPRESS;;;;BARRIDO/MOPA;EXTERNO/EXPRESS;;EXTERNO/EXPRESS;;;;BARRIDO/MOPA;BARRIDO/MOPA;BARRIDO/MOPA;BARRIDO/MOPA;BARRIDO/MOPA;;;BARRIDO/MOPA;
0;0;0;7041;SPZX71;PIE ANDINO;;;;;;;;;;;;;;BARRIDO/MOPA;;BARRIDO/MOPA;BARRIDO/MOPA;EXTERNO/EXPRESS;EXTERNO/EXPRESS;;BARRIDO/MOPA;;EXTERNO/EXPRESS;BARRIDO/MOPA;EXTERNO/EXPRESS;;;;BARRIDO/MOPA;BARRIDO/MOPA;;BARRIDO/MOPA;BARRIDO/MOPA;BARRIDO/MOPA;;;
0;0;0;7042;SPZX72;PIE ANDINO;;;;;;;;;;;;;;BARRIDO/MOPA;BARRIDO/MOPA;BARRIDO/MOPA;EXTERNO/EXPRESS;;BARRIDO/MOPA;;;BARRIDO/MOPA;BARRIDO/MOPA;BARRIDO/MOPA;BARRIDO/MOPA;;;BARRIDO/MOPA;EXTERNO/EXPRESS;EXTERNO/EXPRESS;BARRIDO/MOPA;;EXTERNO/EXPRESS;;;BARRIDO/MOPA;
0;0;0;7043;SPZX73;PIE ANDINO;;;;;;;;;;;;;;;BARRIDO/MOPA;EXTERNO/EXPRESS;EXTERNO/EXPRESS;BARRIDO/MOPA;;;;BARRIDO/MOPA;BARRIDO/MOPA;EXTERNO/EXPRESS;;EXTERNO/EXPRESS;;;BARRIDO/MOPA;BARRIDO/MOPA;EXTERNO/EXPRESS;BARRIDO/MOPA;BARRIDO/MOPA;BARRIDO/MOPA;BARRIDO/MOPA;BARRIDO/MOPA;
1;0;1;7044;SPZX74;PIE ANDINO;;;;;;;;;;;;;;;BARRIDO/MOPA;EXTERNO/EXPRESS;BARRIDO/MOPA;EXTERNO/EXPRESS;FULL;;;EXTERNO/EXPRESS;BARRIDO/MOPA;EXTERNO/EXPRESS;;EXTERNO/EXPRESS;;BARRIDO/MOPA;BARRIDO/MOPA;BARRIDO/MOPA;BARRIDO/MOPA;;EXTERNO/EXPRESS;;;BARRIDO/MOPA;
0;0;0;7045;SPZX75;PIE ANDINO;;;;;;;;;;;;;;;;BARRIDO/MOPA;EXTERNO/EXPRESS;BARRIDO/MOPA;;;;BARRIDO/MOPA;BARRIDO/MOPA;;BARRIDO/MOPA;EXTERNO/EXPRESS;;;BARRIDO/MOPA;BARRIDO/MOPA;EXTERNO/EXPRESS;BARRIDO/MOPA;EXTERNO/EXPRESS;;BARRIDO/MOPA;;
0;0;0;7046;SPZX76;PIE ANDINO;;;;;;;;;;;;;;BARRIDO/MOPA;BARRIDO/MOPA;EXTERNO/EXPRESS;;EXTERNO/EXPRESS;;;;BARRIDO/MOPA;BARRIDO/MOPA;EXTERNO/EXPRESS;EXTERNO/EXPRESS;BARRIDO/MOPA;;BARRIDO/MOPA;;;EXTERNO/EXPRESS;;;;BARRIDO/MOPA;BARRIDO/MOPA;
1;0;1;7047;SPZX77;PIE ANDINO;;;;;;;;;;;;;;;BARRIDO/MOPA;;;;;;;FULL;BARRIDO/MOPA;;;;;;BARRIDO/MOPA;BARRIDO/MOPA;EXTERNO/EXPRESS;BARRIDO/MOPA;;;;BARRIDO/MOPA;
0;0;0;7048;SPZX78;PIE ANDINO;;;;;;;;;;;;EXTERNO/EXPRESS;;;BARRIDO/MOPA;BARRIDO/MOPA;;BARRIDO/MOPA;BARRIDO/MOPA;;;BARRIDO/MOPA;BARRIDO/MOPA;EXTERNO/EXPRESS;BARRIDO/MOPA;EXTERNO/EXPRESS;;;BARRIDO/MOPA;EXTERNO/EXPRESS;BARRIDO/MOPA;BARRIDO/MOPA;BARRIDO/MOPA;;BARRIDO/MOPA;BARRIDO/MOPA;
0;0;0;7049;SPZX79;PIE ANDINO;;;;;;;;;;;;;;BARRIDO/MOPA;BARRIDO/MOPA;BARRIDO/MOPA;EXTERNO/EXPRESS;;BARRIDO/MOPA;;BARRIDO/MOPA;BARRIDO/MOPA;BARRIDO/MOPA;EXTERNO/EXPRESS;;BARRIDO/MOPA;;BARRIDO/MOPA;EXTERNO/EXPRESS;BARRIDO/MOPA;BARRIDO/MOPA;BARRIDO/MOPA;BARRIDO/MOPA;;BARRIDO/MOPA;BARRIDO/MOPA;
1;1;0;7050;SPZX80;PIE ANDINO;;;;;;;;FULL;;;;EXTERNO/EXPRESS;;;EXTERNO/EXPRESS;BARRIDO/MOPA;;EXTERNO/EXPRESS;BARRIDO/MOPA;;BARRIDO/MOPA;BARRIDO/MOPA;BARRIDO/MOPA;EXTERNO/EXPRESS;BARRIDO/MOPA;;;;EXTERNO/EXPRESS;BARRIDO/MOPA;BARRIDO/MOPA;BARRIDO/MOPA;EXTERNO/EXPRESS;;;EXTERNO/EXPRESS;
0;0;0;7051;SPZX81;PIE ANDINO;;;;;;;;;;;;BARRIDO/MOPA;;;;BARRIDO/MOPA;;;EXTERNO/EXPRESS;;;BARRIDO/MOPA;BARRIDO/MOPA;BARRIDO/MOPA;EXTERNO/EXPRESS;;;;BARRIDO/MOPA;BARRIDO/MOPA;BARRIDO/MOPA;EXTERNO/EXPRESS;;BARRIDO/MOPA;;BARRIDO/MOPA;
0;0;0;7052;SPZX82;PIE ANDINO;;;;;;;;;;;;;;;EXTERNO/EXPRESS;;EXTERNO/EXPRESS;;;;;BARRIDO/MOPA;EXTERNO/EXPRESS;BARRIDO/MOPA;;;;;EXTERNO/EXPRESS;BARRIDO/MOPA;;;;;;EXTERNO/EXPRESS;
0;0;0;7053;SPZX83;PIE ANDINO;;;;;;;;;;;;;;;;BARRIDO/MOPA;;;;;;;;EXTERNO/EXPRESS;;;;;EXTERNO/EXPRESS;EXTERNO/EXPRESS;BARRIDO/MOPA;;;;;BARRIDO/MOPA;
1;1;0;7054;SPZX84;PIE ANDINO;;;;;;;;FULL;;;;BARRIDO/MOPA;;;BARRIDO/MOPA;BARRIDO/MOPA;EXTERNO/EXPRESS;EXTERNO/EXPRESS;;;;BARRIDO/MOPA;;;EXTERNO/EXPRESS;EXTERNO/EXPRESS;;;BARRIDO/MOPA;;BARRIDO/MOPA;EXTERNO/EXPRESS;EXTERNO/EXPRESS;;;BARRIDO/MOPA;
0;0;0;7055;SPZX85;PIE ANDINO;;;;;;;;;;;;;;;;EXTERNO/EXPRESS;EXTERNO/EXPRESS;;BARRIDO/MOPA;;;BARRIDO/MOPA;;;;EXTERNO/EXPRESS;;;;EXTERNO/EXPRESS;;BARRIDO/MOPA;;;;;
0;0;0;7056;SPZX93;PIE ANDINO;;;;;;;;;;;;BARRIDO/MOPA;;BARRIDO/MOPA;BARRIDO/MOPA;EXTERNO/EXPRESS;BARRIDO/MOPA;BARRIDO/MOPA;;;;BARRIDO/MOPA;;EXTERNO/EXPRESS;BARRIDO/MOPA;;;;EXTERNO/EXPRESS;;BARRIDO/MOPA;BARRIDO/MOPA;;;;EXTERNO/EXPRESS;
1;1;0;7057;SPZX95;PIE ANDINO;;;;;;;;;FULL;;;;;BARRIDO/MOPA;BARRIDO/MOPA;;;EXTERNO/EXPRESS;;;;;;BARRIDO/MOPA;;;;;EXTERNO/EXPRESS;;EXTERNO/EXPRESS;BARRIDO/MOPA;;;;BARRIDO/MOPA;
0;0;0;7058;SPZX96;PIE ANDINO;;;;;;;;;;;;;;;EXTERNO/EXPRESS;;;EXTERNO/EXPRESS;;;BARRIDO/MOPA;EXTERNO/EXPRESS;BARRIDO/MOPA;BARRIDO/MOPA;;EXTERNO/EXPRESS;;BARRIDO/MOPA;BARRIDO/MOPA;EXTERNO/EXPRESS;BARRIDO/MOPA;BARRIDO/MOPA;;;;EXTERNO/EXPRESS;
0;0;0;7059;SPZX98;PIE ANDINO;;;;;;;;;;;;;;BARRIDO/MOPA;EXTERNO/EXPRESS;BARRIDO/MOPA;;EXTERNO/EXPRESS;;;;BARRIDO/MOPA;EXTERNO/EXPRESS;BARRIDO/MOPA;BARRIDO/MOPA;;;;BARRIDO/MOPA;EXTERNO/EXPRESS;BARRIDO/MOPA;BARRIDO/MOPA;;;;BARRIDO/MOPA;
1;0;1;7060;SPZY13;PIE ANDINO;;;;;;;;;;;;EXTERNO/EXPRESS;;;FULL;EXTERNO/EXPRESS;EXTERNO/EXPRESS;BARRIDO/MOPA;;;;;EXTERNO/EXPRESS;BARRIDO/MOPA;;;;;BARRIDO/MOPA;EXTERNO/EXPRESS;BARRIDO/MOPA;BARRIDO/MOPA;;;;;
1;0;1;7061;SPZY15;PIE ANDINO;;;;;;;;;;;;;;;FULL;BARRIDO/MOPA;EXTERNO/EXPRESS;EXTERNO/EXPRESS;EXTERNO/EXPRESS;;BARRIDO/MOPA;;BARRIDO/MOPA;BARRIDO/MOPA;BARRIDO/MOPA;;;;EXTERNO/EXPRESS;BARRIDO/MOPA;BARRIDO/MOPA;BARRIDO/MOPA;;;;BARRIDO/MOPA;
1;1;0;7062;SPZY16;PIE ANDINO;;;;;;;;;FULL;;;;;;BARRIDO/MOPA;EXTERNO/EXPRESS;BARRIDO/MOPA;EXTERNO/EXPRESS;;;;BARRIDO/MOPA;EXTERNO/EXPRESS;BARRIDO/MOPA;;;;BARRIDO/MOPA;EXTERNO/EXPRESS;;BARRIDO/MOPA;;;;;EXTERNO/EXPRESS;
2;0;2;7063;SPZY18;PIE ANDINO;;;;;;;;;;;;BARRIDO/MOPA;;;EXTERNO/EXPRESS;BARRIDO/MOPA;BARRIDO/MOPA;EXTERNO/EXPRESS;EXTERNO/EXPRESS;;;FULL;FULL;EXTERNO/EXPRESS;BARRIDO/MOPA;EXTERNO/EXPRESS;;;;EXTERNO/EXPRESS;BARRIDO/MOPA;BARRIDO/MOPA;;;;EXTERNO/EXPRESS;
0;0;0;7064;SPZY23;PIE ANDINO;;;;;;;;;;;;EXTERNO/EXPRESS;;BARRIDO/MOPA;BARRIDO/MOPA;;;;EXTERNO/EXPRESS;;BARRIDO/MOPA;BARRIDO/MOPA;EXTERNO/EXPRESS;;;EXTERNO/EXPRESS;;;BARRIDO/MOPA;BARRIDO/MOPA;EXTERNO/EXPRESS;BARRIDO/MOPA;;;;;
0;0;0;7065;SPZY24;PIE ANDINO;;;;;;;;;;;;;;;;EXTERNO/EXPRESS;;EXTERNO/EXPRESS;;;BARRIDO/MOPA;EXTERNO/EXPRESS;BARRIDO/MOPA;BARRIDO/MOPA;;;;;;BARRIDO/MOPA;BARRIDO/MOPA;EXTERNO/EXPRESS;BARRIDO/MOPA;;BARRIDO/MOPA;BARRIDO/MOPA;
0;0;0;7066;SPZY25;PIE ANDINO;;;;;;;;;;;;EXTERNO/EXPRESS;;;;EXTERNO/EXPRESS;EXTERNO/EXPRESS;BARRIDO/MOPA;;;;EXTERNO/EXPRESS;BARRIDO/MOPA;;;;;;BARRIDO/MOPA;;BARRIDO/MOPA;EXTERNO/EXPRESS;;;BARRIDO/MOPA;BARRIDO/MOPA;
1;1;0;7067;SPZY27;PIE ANDINO;;;;;;;;;FULL;;;;;BARRIDO/MOPA;BARRIDO/MOPA;EXTERNO/EXPRESS;EXTERNO/EXPRESS;;;;BARRIDO/MOPA;BARRIDO/MOPA;BARRIDO/MOPA;BARRIDO/MOPA;EXTERNO/EXPRESS;;;;;BARRIDO/MOPA;BARRIDO/MOPA;;;;;;
0;0;0;7068;SPZY28;PIE ANDINO;;;;;;;;;;;;;;;EXTERNO/EXPRESS;EXTERNO/EXPRESS;;;;;;BARRIDO/MOPA;EXTERNO/EXPRESS;BARRIDO/MOPA;;;;BARRIDO/MOPA;;EXTERNO/EXPRESS;BARRIDO/MOPA;BARRIDO/MOPA;;;;;
0;0;0;7069;SPZY31;PIE ANDINO;;;;;;;;;;;;EXTERNO/EXPRESS;;;BARRIDO/MOPA;EXTERNO/EXPRESS;;BARRIDO/MOPA;EXTERNO/EXPRESS;;BARRIDO/MOPA;;EXTERNO/EXPRESS;;;;;;EXTERNO/EXPRESS;EXTERNO/EXPRESS;BARRIDO/MOPA;BARRIDO/MOPA;;;;;
1;1;0;7070;SPZY37;PIE ANDINO;;;;;;;;;;FULL;;;;;;;BARRIDO/MOPA;;;;;;;;;;;;;;;;;;;;
1;1;0;7072;SPZY42;PIE ANDINO;;;;;;;;;;FULL;;;;;EXTERNO/EXPRESS;;BARRIDO/MOPA;EXTERNO/EXPRESS;;;;;EXTERNO/EXPRESS;BARRIDO/MOPA;BARRIDO/MOPA;EXTERNO/EXPRESS;;BARRIDO/MOPA;BARRIDO/MOPA;BARRIDO/MOPA;EXTERNO/EXPRESS;BARRIDO/MOPA;EXTERNO/EXPRESS;;BARRIDO/MOPA;BARRIDO/MOPA;
1;1;0;7073;SPZY43;PIE ANDINO;;;;;;;;;;FULL;;;;;;;;;EXTERNO/EXPRESS;;BARRIDO/MOPA;BARRIDO/MOPA;BARRIDO/MOPA;;EXTERNO/EXPRESS;BARRIDO/MOPA;;;;EXTERNO/EXPRESS;;EXTERNO/EXPRESS;;;BARRIDO/MOPA;BARRIDO/MOPA;
2;2;0;7074;SPZY44;PIE ANDINO;;;;;;;;;FULL;FULL;;;;;;EXTERNO/EXPRESS;;;;;BARRIDO/MOPA;BARRIDO/MOPA;EXTERNO/EXPRESS;BARRIDO/MOPA;;BARRIDO/MOPA;;;EXTERNO/EXPRESS;BARRIDO/MOPA;BARRIDO/MOPA;BARRIDO/MOPA;;;BARRIDO/MOPA;BARRIDO/MOPA;
1;0;1;7075;SPZY45;PIE ANDINO;;;;;;;;;;;;EXTERNO/EXPRESS;;;;;BARRIDO/MOPA;EXTERNO/EXPRESS;;;;BARRIDO/MOPA;;EXTERNO/EXPRESS;;;;;;;EXTERNO/EXPRESS;BARRIDO/MOPA;;;FULL;BARRIDO/MOPA;
1;0;1;7076;SPZY48;PIE ANDINO;;;;;;;;;;;;BARRIDO/MOPA;;BARRIDO/MOPA;FULL;EXTERNO/EXPRESS;BARRIDO/MOPA;;;;;BARRIDO/MOPA;;BARRIDO/MOPA;BARRIDO/MOPA;;;;BARRIDO/MOPA;;EXTERNO/EXPRESS;BARRIDO/MOPA;;;;BARRIDO/MOPA;
0;0;0;7077;SPZY49;PIE ANDINO;;;;;;;;;;;;;;BARRIDO/MOPA;BARRIDO/MOPA;;EXTERNO/EXPRESS;;EXTERNO/EXPRESS;;;BARRIDO/MOPA;BARRIDO/MOPA;;EXTERNO/EXPRESS;;;;BARRIDO/MOPA;EXTERNO/EXPRESS;;BARRIDO/MOPA;BARRIDO/MOPA;;BARRIDO/MOPA;;
0;0;0;7078;SPZY50;PIE ANDINO;;;;;;;;;;;;;;;;EXTERNO/EXPRESS;BARRIDO/MOPA;BARRIDO/MOPA;EXTERNO/EXPRESS;;;BARRIDO/MOPA;BARRIDO/MOPA;EXTERNO/EXPRESS;BARRIDO/MOPA;EXTERNO/EXPRESS;;BARRIDO/MOPA;;EXTERNO/EXPRESS;;EXTERNO/EXPRESS;;;;BARRIDO/MOPA;
1;1;0;7079;SPZY51;PIE ANDINO;;;;;;;;;FULL;;;;;BARRIDO/MOPA;BARRIDO/MOPA;;BARRIDO/MOPA;EXTERNO/EXPRESS;;;;BARRIDO/MOPA;BARRIDO/MOPA;;BARRIDO/MOPA;;;;;EXTERNO/EXPRESS;BARRIDO/MOPA;BARRIDO/MOPA;;;;BARRIDO/MOPA;
1;1;0;7080;SPZY53;PIE ANDINO;;;;;;;;;;FULL;;;;;EXTERNO/EXPRESS;EXTERNO/EXPRESS;;BARRIDO/MOPA;EXTERNO/EXPRESS;;;BARRIDO/MOPA;BARRIDO/MOPA;BARRIDO/MOPA;EXTERNO/EXPRESS;;;;;EXTERNO/EXPRESS;BARRIDO/MOPA;BARRIDO/MOPA;BARRIDO/MOPA;;;EXTERNO/EXPRESS;
0;0;0;7081;SPZY54;PIE ANDINO;;;;;;;;;;;;;;BARRIDO/MOPA;;EXTERNO/EXPRESS;BARRIDO/MOPA;EXTERNO/EXPRESS;;;;BARRIDO/MOPA;;;BARRIDO/MOPA;EXTERNO/EXPRESS;;;EXTERNO/EXPRESS;BARRIDO/MOPA;;BARRIDO/MOPA;EXTERNO/EXPRESS;;;BARRIDO/MOPA;
1;0;1;7082;SPZY55;PIE ANDINO;;;;;;;;;;;;;;BARRIDO/MOPA;EXTERNO/EXPRESS;EXTERNO/EXPRESS;FULL;EXTERNO/EXPRESS;;;BARRIDO/MOPA;BARRIDO/MOPA;BARRIDO/MOPA;BARRIDO/MOPA;;EXTERNO/EXPRESS;;;BARRIDO/MOPA;BARRIDO/MOPA;BARRIDO/MOPA;EXTERNO/EXPRESS;;;;EXTERNO/EXPRESS;
1;1;0;7083;SPZY56;PIE ANDINO;;;;;;;;;FULL;;;;;;BARRIDO/MOPA;;EXTERNO/EXPRESS;;;;;BARRIDO/MOPA;BARRIDO/MOPA;BARRIDO/MOPA;BARRIDO/MOPA;EXTERNO/EXPRESS;;;;;EXTERNO/EXPRESS;BARRIDO/MOPA;;;BARRIDO/MOPA;EXTERNO/EXPRESS;
0;0;0;7084;SPZY57;PIE ANDINO;;;;;;;;;;;;;;;;EXTERNO/EXPRESS;BARRIDO/MOPA;;EXTERNO/EXPRESS;;BARRIDO/MOPA;BARRIDO/MOPA;BARRIDO/MOPA;EXTERNO/EXPRESS;;;;;;EXTERNO/EXPRESS;BARRIDO/MOPA;BARRIDO/MOPA;;;;EXTERNO/EXPRESS;
1;1;0;7085;SPZY58;PIE ANDINO;;;;;;;;;;FULL;;BARRIDO/MOPA;;;;;;;;;;;;BARRIDO/MOPA;EXTERNO/EXPRESS;EXTERNO/EXPRESS;;;BARRIDO/MOPA;;EXTERNO/EXPRESS;BARRIDO/MOPA;;;;BARRIDO/MOPA;
2;1;1;7086;SPZY59;PIE ANDINO;;;;;;;;;FULL;;;;;;FULL;;EXTERNO/EXPRESS;EXTERNO/EXPRESS;EXTERNO/EXPRESS;;;;BARRIDO/MOPA;EXTERNO/EXPRESS;;;;;BARRIDO/MOPA;;EXTERNO/EXPRESS;;;;;BARRIDO/MOPA;
1;1;0;7087;SPZY60;PIE ANDINO;;;;;;;;;;;FULL;;;;EXTERNO/EXPRESS;BARRIDO/MOPA;;BARRIDO/MOPA;;;BARRIDO/MOPA;;;EXTERNO/EXPRESS;BARRIDO/MOPA;BARRIDO/MOPA;;BARRIDO/MOPA;;;EXTERNO/EXPRESS;BARRIDO/MOPA;;;;;
0;0;0;7088;SPZY61;PIE ANDINO;;;;;;;;;;;;;;;EXTERNO/EXPRESS;EXTERNO/EXPRESS;EXTERNO/EXPRESS;;EXTERNO/EXPRESS;;;BARRIDO/MOPA;BARRIDO/MOPA;;;EXTERNO/EXPRESS;;;;BARRIDO/MOPA;;BARRIDO/MOPA;;;BARRIDO/MOPA;EXTERNO/EXPRESS;
1;1;0;7089;SPZY63;PIE ANDINO;;;;;;;;;;FULL;;;;;BARRIDO/MOPA;;BARRIDO/MOPA;EXTERNO/EXPRESS;;;;;;;BARRIDO/MOPA;EXTERNO/EXPRESS;;BARRIDO/MOPA;EXTERNO/EXPRESS;BARRIDO/MOPA;;BARRIDO/MOPA;;;;;
0;0;0;7090;SPZY64;PIE ANDINO;;;;;;;;;;;;;;;BARRIDO/MOPA;;EXTERNO/EXPRESS;EXTERNO/EXPRESS;EXTERNO/EXPRESS;;BARRIDO/MOPA;BARRIDO/MOPA;BARRIDO/MOPA;BARRIDO/MOPA;;;;;EXTERNO/EXPRESS;BARRIDO/MOPA;EXTERNO/EXPRESS;BARRIDO/MOPA;BARRIDO/MOPA;;;BARRIDO/MOPA;
0;0;0;7091;SPZY65;PIE ANDINO;;;;;;;;;;;;BARRIDO/MOPA;;BARRIDO/MOPA;BARRIDO/MOPA;BARRIDO/MOPA;;BARRIDO/MOPA;;;BARRIDO/MOPA;BARRIDO/MOPA;;BARRIDO/MOPA;EXTERNO/EXPRESS;EXTERNO/EXPRESS;;BARRIDO/MOPA;;BARRIDO/MOPA;;EXTERNO/EXPRESS;;;;BARRIDO/MOPA;
0;0;0;7092;SPZY66;PIE ANDINO;;;;;;;;;;;;;;;BARRIDO/MOPA;;;;;;;BARRIDO/MOPA;;;BARRIDO/MOPA;;;;;EXTERNO/EXPRESS;;BARRIDO/MOPA;EXTERNO/EXPRESS;;;BARRIDO/MOPA;
0;0;0;7093;SPZY67;PIE ANDINO;;;;;;;;;;;;EXTERNO/EXPRESS;;BARRIDO/MOPA;BARRIDO/MOPA;;;EXTERNO/EXPRESS;;;BARRIDO/MOPA;BARRIDO/MOPA;;EXTERNO/EXPRESS;;BARRIDO/MOPA;;BARRIDO/MOPA;;BARRIDO/MOPA;EXTERNO/EXPRESS;BARRIDO/MOPA;EXTERNO/EXPRESS;BARRIDO/MOPA;;BARRIDO/MOPA;
0;0;0;7095;SPZY69;PIE ANDINO;;;;;;;;;;;;EXTERNO/EXPRESS;;BARRIDO/MOPA;BARRIDO/MOPA;EXTERNO/EXPRESS;BARRIDO/MOPA;EXTERNO/EXPRESS;;;BARRIDO/MOPA;BARRIDO/MOPA;BARRIDO/MOPA;EXTERNO/EXPRESS;EXTERNO/EXPRESS;;;;BARRIDO/MOPA;;BARRIDO/MOPA;BARRIDO/MOPA;;;BARRIDO/MOPA;EXTERNO/EXPRESS;
0;0;0;7096;SPZY70;PIE ANDINO;;;;;;;;;;;;EXTERNO/EXPRESS;;;;;;;;;;EXTERNO/EXPRESS;;EXTERNO/EXPRESS;;;;;EXTERNO/EXPRESS;;;EXTERNO/EXPRESS;EXTERNO/EXPRESS;;BARRIDO/MOPA;BARRIDO/MOPA;
0;0;0;7097;SPZY71;PIE ANDINO;;;;;;;;;;;;EXTERNO/EXPRESS;;BARRIDO/MOPA;EXTERNO/EXPRESS;;EXTERNO/EXPRESS;BARRIDO/MOPA;;;;BARRIDO/MOPA;EXTERNO/EXPRESS;;EXTERNO/EXPRESS;BARRIDO/MOPA;;;;BARRIDO/MOPA;BARRIDO/MOPA;BARRIDO/MOPA;;;;;
0;0;0;7098;SPZY72;PIE ANDINO;;;;;;;;;;;;;;;;;;;;;;;BARRIDO/MOPA;EXTERNO/EXPRESS;;EXTERNO/EXPRESS;;BARRIDO/MOPA;EXTERNO/EXPRESS;;BARRIDO/MOPA;;;;BARRIDO/MOPA;BARRIDO/MOPA;
0;0;0;7099;SPZY75;PIE ANDINO;;;;;;;;;;;;;;;BARRIDO/MOPA;EXTERNO/EXPRESS;;;;;;BARRIDO/MOPA;;EXTERNO/EXPRESS;;EXTERNO/EXPRESS;;BARRIDO/MOPA;EXTERNO/EXPRESS;BARRIDO/MOPA;BARRIDO/MOPA;BARRIDO/MOPA;;;BARRIDO/MOPA;BARRIDO/MOPA;
0;0;0;7100;SPZY78;PIE ANDINO;;;;;;;;;;;;BARRIDO/MOPA;;BARRIDO/MOPA;BARRIDO/MOPA;;EXTERNO/EXPRESS;BARRIDO/MOPA;EXTERNO/EXPRESS;;;BARRIDO/MOPA;BARRIDO/MOPA;EXTERNO/EXPRESS;EXTERNO/EXPRESS;;;BARRIDO/MOPA;EXTERNO/EXPRESS;EXTERNO/EXPRESS;BARRIDO/MOPA;BARRIDO/MOPA;;;BARRIDO/MOPA;BARRIDO/MOPA;
2;1;1;7101;SPZY79;PIE ANDINO;;FULL;;;;;;;;;;;;;;;;;;;BARRIDO/MOPA;EXTERNO/EXPRESS;BARRIDO/MOPA;BARRIDO/MOPA;EXTERNO/EXPRESS;;;;BARRIDO/MOPA;EXTERNO/EXPRESS;;BARRIDO/MOPA;FULL;;;BARRIDO/MOPA;
0;0;0;7102;SPZY81;PIE ANDINO;;;;;;;;;;;;;;;EXTERNO/EXPRESS;;BARRIDO/MOPA;;;;BARRIDO/MOPA;BARRIDO/MOPA;;;EXTERNO/EXPRESS;;;;;BARRIDO/MOPA;BARRIDO/MOPA;EXTERNO/EXPRESS;;;BARRIDO/MOPA;BARRIDO/MOPA;
0;0;0;7103;SPZY85;PIE ANDINO;;;;;;;;;;;;;;;EXTERNO/EXPRESS;;EXTERNO/EXPRESS;;EXTERNO/EXPRESS;;;BARRIDO/MOPA;BARRIDO/MOPA;EXTERNO/EXPRESS;BARRIDO/MOPA;EXTERNO/EXPRESS;;;;;BARRIDO/MOPA;EXTERNO/EXPRESS;;;;;
1;1;0;7104;SPZY86;PIE ANDINO;;;;;;;;;;FULL;;;;BARRIDO/MOPA;EXTERNO/EXPRESS;;BARRIDO/MOPA;EXTERNO/EXPRESS;EXTERNO/EXPRESS;;BARRIDO/MOPA;EXTERNO/EXPRESS;BARRIDO/MOPA;EXTERNO/EXPRESS;EXTERNO/EXPRESS;EXTERNO/EXPRESS;;BARRIDO/MOPA;BARRIDO/MOPA;BARRIDO/MOPA;BARRIDO/MOPA;EXTERNO/EXPRESS;;;BARRIDO/MOPA;;
1;0;1;7105;SPZY87;PIE ANDINO;;;;;;;;;;;;EXTERNO/EXPRESS;;;EXTERNO/EXPRESS;;;EXTERNO/EXPRESS;;;;BARRIDO/MOPA;;FULL;;EXTERNO/EXPRESS;;BARRIDO/MOPA;EXTERNO/EXPRESS;;BARRIDO/MOPA;BARRIDO/MOPA;BARRIDO/MOPA;;;EXTERNO/EXPRESS;
0;0;0;7106;SRVH33;PIE ANDINO;;;;;;;;;;;;EXTERNO/EXPRESS;;BARRIDO/MOPA;BARRIDO/MOPA;EXTERNO/EXPRESS;BARRIDO/MOPA;;;;;BARRIDO/MOPA;BARRIDO/MOPA;EXTERNO/EXPRESS;;EXTERNO/EXPRESS;;BARRIDO/MOPA;;EXTERNO/EXPRESS;EXTERNO/EXPRESS;BARRIDO/MOPA;EXTERNO/EXPRESS;;;BARRIDO/MOPA;
0;0;0;7107;SRVH40;PIE ANDINO;;;;;;;;;;;;EXTERNO/EXPRESS;;;BARRIDO/MOPA;EXTERNO/EXPRESS;BARRIDO/MOPA;EXTERNO/EXPRESS;;;BARRIDO/MOPA;EXTERNO/EXPRESS;BARRIDO/MOPA;EXTERNO/EXPRESS;BARRIDO/MOPA;EXTERNO/EXPRESS;;BARRIDO/MOPA;EXTERNO/EXPRESS;;BARRIDO/MOPA;BARRIDO/MOPA;EXTERNO/EXPRESS;;BARRIDO/MOPA;;
0;0;0;7109;SRVJ17;PIE ANDINO;;;;;;;;;;;;;;;BARRIDO/MOPA;;EXTERNO/EXPRESS;;BARRIDO/MOPA;;BARRIDO/MOPA;EXTERNO/EXPRESS;;EXTERNO/EXPRESS;EXTERNO/EXPRESS;;;;;EXTERNO/EXPRESS;;BARRIDO/MOPA;;;BARRIDO/MOPA;;
0;0;0;7110;SRVJ25;PIE ANDINO;;;;;;;;;;;;;;;EXTERNO/EXPRESS;BARRIDO/MOPA;BARRIDO/MOPA;BARRIDO/MOPA;;;;BARRIDO/MOPA;BARRIDO/MOPA;BARRIDO/MOPA;EXTERNO/EXPRESS;;;;BARRIDO/MOPA;BARRIDO/MOPA;BARRIDO/MOPA;EXTERNO/EXPRESS;BARRIDO/MOPA;;BARRIDO/MOPA;EXTERNO/EXPRESS;
1;0;1;7111;SRVJ48;PIE ANDINO;;;;;;;;;;;;EXTERNO/EXPRESS;;;;BARRIDO/MOPA;BARRIDO/MOPA;EXTERNO/EXPRESS;;;;BARRIDO/MOPA;BARRIDO/MOPA;EXTERNO/EXPRESS;EXTERNO/EXPRESS;EXTERNO/EXPRESS;;;BARRIDO/MOPA;BARRIDO/MOPA;BARRIDO/MOPA;BARRIDO/MOPA;;;BARRIDO/MOPA;FULL;
0;0;0;7112;SRVJ72;PIE ANDINO;;;;;;;;;;;;BARRIDO/MOPA;;BARRIDO/MOPA;;BARRIDO/MOPA;EXTERNO/EXPRESS;BARRIDO/MOPA;EXTERNO/EXPRESS;;BARRIDO/MOPA;BARRIDO/MOPA;BARRIDO/MOPA;BARRIDO/MOPA;EXTERNO/EXPRESS;;;BARRIDO/MOPA;;EXTERNO/EXPRESS;BARRIDO/MOPA;BARRIDO/MOPA;EXTERNO/EXPRESS;;BARRIDO/MOPA;EXTERNO/EXPRESS;
0;0;0;7113;SRVK25;PIE ANDINO;;;;;;;;;;;;;;;EXTERNO/EXPRESS;EXTERNO/EXPRESS;;;;;;BARRIDO/MOPA;BARRIDO/MOPA;EXTERNO/EXPRESS;;;;;EXTERNO/EXPRESS;BARRIDO/MOPA;BARRIDO/MOPA;BARRIDO/MOPA;;;BARRIDO/MOPA;;
0;0;0;7114;SRVK73;PIE ANDINO;;;;;;;;;;;;;;BARRIDO/MOPA;EXTERNO/EXPRESS;;BARRIDO/MOPA;;;;;;BARRIDO/MOPA;EXTERNO/EXPRESS;BARRIDO/MOPA;;;BARRIDO/MOPA;EXTERNO/EXPRESS;;;BARRIDO/MOPA;;;BARRIDO/MOPA;EXTERNO/EXPRESS;
1;0;1;7115;SRVK82;PIE ANDINO;;;;;;;;;;;;BARRIDO/MOPA;;BARRIDO/MOPA;EXTERNO/EXPRESS;BARRIDO/MOPA;;;BARRIDO/MOPA;;BARRIDO/MOPA;BARRIDO/MOPA;EXTERNO/EXPRESS;EXTERNO/EXPRESS;EXTERNO/EXPRESS;BARRIDO/MOPA;;BARRIDO/MOPA;BARRIDO/MOPA;BARRIDO/MOPA;FULL;BARRIDO/MOPA;BARRIDO/MOPA;;BARRIDO/MOPA;EXTERNO/EXPRESS;
0;0;0;7116;SRVL13;PIE ANDINO;;;;;;;;;;;;EXTERNO/EXPRESS;;BARRIDO/MOPA;EXTERNO/EXPRESS;;;;;;BARRIDO/MOPA;EXTERNO/EXPRESS;;BARRIDO/MOPA;EXTERNO/EXPRESS;BARRIDO/MOPA;;;;BARRIDO/MOPA;EXTERNO/EXPRESS;BARRIDO/MOPA;;;;EXTERNO/EXPRESS;
0;0;0;7117;SRVL29;PIE ANDINO;;;;;;;;;;;;BARRIDO/MOPA;;BARRIDO/MOPA;;;EXTERNO/EXPRESS;BARRIDO/MOPA;;;;BARRIDO/MOPA;EXTERNO/EXPRESS;BARRIDO/MOPA;BARRIDO/MOPA;;;BARRIDO/MOPA;BARRIDO/MOPA;BARRIDO/MOPA;BARRIDO/MOPA;BARRIDO/MOPA;;;BARRIDO/MOPA;;
1;0;1;7118;SRVL59;PIE ANDINO;;;;;;;;;;;;;;BARRIDO/MOPA;BARRIDO/MOPA;BARRIDO/MOPA;BARRIDO/MOPA;EXTERNO/EXPRESS;;;;;BARRIDO/MOPA;;EXTERNO/EXPRESS;;;;;EXTERNO/EXPRESS;BARRIDO/MOPA;FULL;;;;BARRIDO/MOPA;
1;0;1;7119;SRVL70;PIE ANDINO;;;;;;;;;;;;;;;EXTERNO/EXPRESS;EXTERNO/EXPRESS;EXTERNO/EXPRESS;EXTERNO/EXPRESS;;;BARRIDO/MOPA;;EXTERNO/EXPRESS;EXTERNO/EXPRESS;BARRIDO/MOPA;EXTERNO/EXPRESS;;BARRIDO/MOPA;EXTERNO/EXPRESS;BARRIDO/MOPA;BARRIDO/MOPA;BARRIDO/MOPA;;;FULL;BARRIDO/MOPA;
1;1;0;7120;SRVL81;PIE ANDINO;;;;;;;;;;FULL;;;;;BARRIDO/MOPA;EXTERNO/EXPRESS;EXTERNO/EXPRESS;EXTERNO/EXPRESS;;;BARRIDO/MOPA;;BARRIDO/MOPA;EXTERNO/EXPRESS;;BARRIDO/MOPA;;;EXTERNO/EXPRESS;BARRIDO/MOPA;BARRIDO/MOPA;BARRIDO/MOPA;;;BARRIDO/MOPA;EXTERNO/EXPRESS;
3;2;1;6031;LBTS79;JUANITA;;;FULL;;;;;;FULL;;;;;;;;;BARRIDO/MOPA;;;;;;;;;;;;;;;;;FULL;;
3;3;0;6032;LBTS80;JUANITA;FULL;;;FULL;;;;FULL;;;;;;;;;;;;;;;;;;;;;;;;;BARRIDO;;;;
4;1;3;6033;LBTS81;JUANITA;;;;FULL;;;;;;;;;;;FULL;;;BARRIDO/MOPA;;;BARRIDO;FULL;;;;;;;;;FULL;;;;;;
1;1;0;6034;LBTS82;JUANITA;FULL;;;;;;;;;;;;;;;;;;;;;;;;;;;;;;;;;EXTERNO/EXPRESS;;;
1;1;0;6035;LBTS83;JUANITA;;;;;FULL;;;;;;;;;;;BARRIDO/MOPA;;;;;;;;;;;;;;;BARRIDO/MOPA;;;;;;
2;0;2;6036;LBTS85;JUANITA;;;;;;;;;;;;;;;;;;;;;BARRIDO;FULL;;;;;;;;FULL;;;BARRIDO;;;;
2;1;1;6038;LBTS87;JUANITA;;FULL;;;;;;;;;;;;;;BARRIDO/MOPA;BARRIDO/MOPA;;;;BARRIDO;FULL;;;;;;;;;BARRIDO/MOPA;;;;;;
1;0;1;6040;LBTS89;JUANITA;;;;;;;;;;;;;;;;;;;;;BARRIDO;FULL;;;;;;;;;;;;EXTERNO/EXPRESS;;;
2;1;1;6041;LBTS90;JUANITA;;;;FULL;;;;;;;;;;;;;;;;;;;;;;;;;BARRIDO;;FULL;;;;;;
2;0;2;6042;LBTS91;JUANITA;;;;;;;;;;;;;;;;;;BARRIDO/MOPA;FULL;;BARRIDO;;;;;;FULL;;;;;;BARRIDO;;;;
2;2;0;6043;LBTS92;JUANITA;;;;FULL;FULL;;;;;;;;;;;;;BARRIDO/MOPA;;;;;;;;;;;BARRIDO;;EXTERNO/EXPRESS;;;;;;
0;0;0;6045;LBTS94;JUANITA;;;;;;;;;;;;;;;;BARRIDO/MOPA;;;;;BARRIDO;;;;;;;;;;;;;;EXTERNO/EXPRESS;;
1;0;1;6046;LBTS95;JUANITA;;;;;;;;;;;;;;;;;;;FULL;;BARRIDO;;;;;;;;BARRIDO;;;;;;;;
0;0;0;6047;LBTS96;JUANITA;;;;;;;;;;;;;;;;;;;;;;BARRIDO/MOPA;;;;;;;;;BARRIDO/MOPA;;;;;;
2;1;1;6056;LBTT15;JUANITA;;;;;;;;;;FULL;;;;;;;;;;;;;;;;;;;;;;;FULL;;;;
1;1;0;6057;LBTT16;JUANITA;;FULL;;;;;;;;;;;;;;;;;;;;;;;;;;;BARRIDO;;;;;;;;
4;3;1;6058;LBTT17;JUANITA;;FULL;;FULL;;;;;FULL;;;;;;;BARRIDO/MOPA;BARRIDO/MOPA;;;;BARRIDO;;;;;;;;;FULL;;;;;;;
0;0;0;6059;LBTT18;JUANITA;;;;;;;;;;;;;;;;BARRIDO/MOPA;;;;;BARRIDO;;;;;;;;;;BARRIDO/MOPA;;;;;;
1;1;0;6062;LBTT21;JUANITA;;;;FULL;;;;;;;;;;;;;;;;;BARRIDO;BARRIDO/MOPA;;;;;;;;;;;;EXTERNO/EXPRESS;;;
0;0;0;6064;LBTT23;JUANITA;;;;;;;;;;;;;;;;;;;;;BARRIDO;;;;;;;;;;;;;;;;
1;0;1;6065;LBTT24;JUANITA;;;;;;;;;;;;;;;;BARRIDO/MOPA;BARRIDO/MOPA;;;;;;;;;;;;;;BARRIDO/MOPA;;;;FULL;;
2;0;2;6067;LCPG31;JUANITA;;;;;;;;;;;;;;;;;BARRIDO/MOPA;BARRIDO/MOPA;FULL;;BARRIDO;;;;;;;;FULL;;BARRIDO/MOPA;;;;;;
0;0;0;6070;LCPG34;JUANITA;;;;;;;;;;;;;;;;;;;;;;;;;;;;;;;BARRIDO/MOPA;;;;;;
2;1;1;6072;LCPG36;JUANITA;;;;;;;;;;FULL;;;;;;BARRIDO/MOPA;BARRIDO/MOPA;;;;;;;;;;;;BARRIDO;;;;FULL;;;;
3;0;3;6073;LCPG37;JUANITA;;;;;;;;;;;;;;;;;;;;;;BARRIDO/MOPA;;;;;FULL;;;;FULL;;;FULL;;;
2;1;1;6074;LCPG38;JUANITA;;;;;FULL;;;;;;;;;;FULL;BARRIDO/MOPA;;;;;;;;;;;;;;;;;BARRIDO;;;;
1;1;0;6075;LCPG39;JUANITA;;;;FULL;;;;;;;;;;;;BARRIDO/MOPA;BARRIDO/MOPA;BARRIDO/MOPA;;;BARRIDO;;;;;;;;;;;;;;;;
2;2;0;6076;LCPG40;JUANITA;FULL;FULL;;;;;;;;;;;;;;;;BARRIDO/MOPA;;;BARRIDO;;;;;;;;;;BARRIDO/MOPA;;;;EXTERNO/EXPRESS;;
0;0;0;6078;LCPG42;JUANITA;;;;;;;;;;;;;;;;;BARRIDO/MOPA;;;;;;;;;;;;;;;;;;;;
0;0;0;6079;LCPG43;JUANITA;;;;;;;;;;;;;;;;;;BARRIDO/MOPA;;;BARRIDO;;;;;;;;;;;;;EXTERNO/EXPRESS;;;
5;1;4;6080;LCPG44;JUANITA;;;;;;;;FULL;;;;;;;;;;BARRIDO/MOPA;FULL;;BARRIDO;;;;;;FULL;;;;;FULL;;;FULL;;
2;2;0;6081;LCPG45;JUANITA;;;;;FULL;;;FULL;;;;;;;;BARRIDO/MOPA;;;;;BARRIDO;;;;;;;;;;;;;;;;
0;0;0;6085;LCPG49;JUANITA;;;;;;;;;;;;;;;;;;BARRIDO/MOPA;;;;BARRIDO;;;;;;;;;;;BARRIDO;;;;
1;1;0;6086;LCPG50;JUANITA;;;;;;;;FULL;;;;;;;;;;;;;;;;;;;;;;;;BARRIDO;;;;;
1;1;0;6087;LCPG51;JUANITA;;;;FULL;;;;;;;;;;;;;;;;;;BARRIDO/MOPA;;;;;;;;;BARRIDO/MOPA;;;;;;
1;1;0;6088;LCPG52;JUANITA;;;;;;;;FULL;;;;;;;;BARRIDO/MOPA;;;;;BARRIDO;;;;;;;;;;;;BARRIDO;;EXTERNO/EXPRESS;;
1;1;0;7000;LCTG23;JUANITA;;;;;;;;;;;FULL;;;;;;;;;;BARRIDO;;;;;;;;;;;BARRIDO;;;;;
0;0;0;7001;LCTG24;JUANITA;;;;;;;;;;;;;;;;;;;;;BARRIDO;;;;;BARRIDO/MOPA;BARRIDO/MOPA;;;;;;;;BARRIDO/MOPA;;
1;0;1;7002;LCTG25;JUANITA;;;;;;;;;;;;;;;;;;BARRIDO/MOPA;;;BARRIDO;;;;;BARRIDO/MOPA;BARRIDO/MOPA;;;;FULL;;;;;;
1;1;0;7003;LCTG26;JUANITA;;;;;;;;;;;FULL;;;;;;;;;;BARRIDO;;;;;BARRIDO/MOPA;BARRIDO/MOPA;;;;;;;EXTERNO/EXPRESS;;;
3;2;1;7004;LCTG27;JUANITA;;;;;FULL;;;;FULL;;;;;;;;;;;;BARRIDO;;;;;;;;FULL;;;;BARRIDO;;;;
3;2;1;7005;LCTG28;JUANITA;;;;;FULL;;;FULL;;;;;;;;;;;;;BARRIDO;;;;;;;;;;;FULL;;;;;
2;1;1;7006;LCTG29;JUANITA;FULL;;;;;;;;;;;;;;;;;;;;;BARRIDO;;;;;;;;FULL;;;;EXTERNO/EXPRESS;;;
1;0;1;7007;LCTG30;JUANITA;;;;;;;;;;;;;;;;;;;;;;;;;;;;;;;;;BARRIDO;;FULL;;
1;0;1;7008;LCTG31;JUANITA;;;;;;;;;;;;;;;;;FULL;BARRIDO/MOPA;;;BARRIDO;;;;;;;;;;BARRIDO/MOPA;;;;;;
1;0;1;7009;LCTG32;JUANITA;;;;;;;;;;;;;;;;;;;;;;BARRIDO;;;;;;;FULL;;;;;EXTERNO/EXPRESS;;;
2;1;1;7010;LCTG33;JUANITA;;;;;;;;FULL;;;;;;;;;;;;;BARRIDO;;;;;;;;FULL;;;BARRIDO;;;;;
2;1;1;7011;LCTG34;JUANITA;;;;;;;;FULL;;;;;;;;;;;;;BARRIDO;;;;;;;;FULL;;;;;;;;
0;0;0;7012;LCTG35;JUANITA;;;;;;;;;;;;;;;;;;BARRIDO/MOPA;;;;;;;;BARRIDO/MOPA;BARRIDO/MOPA;;;;;;;;;;
0;0;0;7013;LCTG36;JUANITA;;;;;;;;;;;;;;;;;;;;;;;;;;;;;;;;;BARRIDO/MOPA;;;;
1;0;1;7014;LCTG37;JUANITA;;;;;;;;;;;;;;;;;BARRIDO/MOPA;BARRIDO/MOPA;;;;;;;;;;;;FULL;;;;;EXTERNO/EXPRESS;;
1;1;0;7015;LCTG38;JUANITA;;;;;;;;;;;FULL;;;;;;;;;;BARRIDO;;;;;BARRIDO/MOPA;BARRIDO/MOPA;;;;;BARRIDO;;;;;
1;1;0;7016;LCTG39;JUANITA;;;;;;;;FULL;;;;;;;;BARRIDO/MOPA;;;;;;;;;;BARRIDO/MOPA;BARRIDO/MOPA;;;;;;;EXTERNO/EXPRESS;;;
0;0;0;7017;LCTG40;JUANITA;;;;;;;;;;;;;;;;;;;;;;;;;;;BARRIDO/MOPA;;;;;;BARRIDO/MOPA;;;;
2;0;2;7018;LCTG41;JUANITA;;;;;;;;;;;;;;;;BARRIDO/MOPA;;;;;;;;;;;BARRIDO/MOPA;;;;FULL;;;;FULL;;
0;0;0;7019;LCTG42;JUANITA;;;;;;;;;;;;;;;;;;;;;;;;;;;;;;;;BARRIDO;;;;;
2;1;1;7020;LCTG43;JUANITA;;;FULL;;;;;;;;;;;;;BARRIDO/MOPA;;;;;;;;;;;;FULL;;;;;;BARRIDO;;;
1;1;0;7021;LCTG44;JUANITA;;;;;;;;;;;FULL;;;;;;;;;;;;;;;;BARRIDO/MOPA;;BARRIDO;;;;BARRIDO;;;;
2;1;1;7022;LCTG45;JUANITA;;;;;;;;;;;FULL;;;;;;FULL;;;;BARRIDO;BARRIDO/MOPA;;;;;;;;;;BARRIDO;;;;;
1;1;0;7023;LCTG46;JUANITA;;;;;;;;FULL;;;;;;;;;;;;;;BARRIDO/MOPA;;;;;BARRIDO/MOPA;;BARRIDO;;;;;BARRIDO;;;
2;2;0;7024;LCTG47;JUANITA;;;FULL;;;;;;;;FULL;;;;;;;;;;;;;;;;BARRIDO/MOPA;;;;BARRIDO/MOPA;;;;BARRIDO;;
3;1;2;7025;SPZX43;JUANITA;;;FULL;;;;;;;;;;;;FULL;;;;;;;;;;;;FULL;;;;;;BARRIDO/MOPA;;;;
1;1;0;7028;SPZX52;JUANITA;;;FULL;;;;;;;;;;;;;BARRIDO/MOPA;;;;;;;;;;;;;BARRIDO;;;BARRIDO;;;;;
0;0;0;7040;SPZX70;JUANITA;;;;;;;;;;;;;;;;;;;;;;;;;;;;;;;;;;BARRIDO;;;
2;2;0;7071;SPZY41;JUANITA;;;;;;;;FULL;;;FULL;;;;;;;;;;;;;;;;;;;;;;;;;;
0;0;0;7094;SPZY68;JUANITA;;;;;;;;;;;;;;;;;BARRIDO/MOPA;;;;;;;;;;;;BARRIDO;;;BARRIDO;;BARRIDO;;;
4;2;2;7108;SRVJ10;JUANITA;;;;;FULL;;;;;;FULL;;;;;;BARRIDO/MOPA;BARRIDO/MOPA;FULL;;;;;;;;;;;;FULL;;;;;;
1;1;0;7121;SRVF74;JUANITA;;;;;;;;;;;FULL;;;;;;BARRIDO/MOPA;;;;;;;;;;BARRIDO/MOPA;;;;;;;;BARRIDO;;
1;0;1;7122;SRVF76;JUANITA;;;;;;;;;;;;FULL;;;;;;;;;BARRIDO;;;;;;BARRIDO/MOPA;;BARRIDO;;;;;;;;
2;1;1;7123;SRVF79;JUANITA;;;FULL;;;;;;;;;;;;;;;BARRIDO/MOPA;;;BARRIDO;;;;;;BARRIDO/MOPA;;;;;FULL;;;;;
2;1;1;7124;SRVF81;JUANITA;;;;;FULL;;;;;;;;;;;BARRIDO/MOPA;BARRIDO/MOPA;;;;;;;;;;BARRIDO/MOPA;;;;;;;FULL;;;
0;0;0;7125;SRVF83;JUANITA;;;;;;;;;;;;;;;;BARRIDO/MOPA;BARRIDO/MOPA;;;;BARRIDO;;;;;;BARRIDO/MOPA;;;;;;EXTERNO/EXPRESS;;;;
2;1;1;7126;SRVF84;JUANITA;;;;;FULL;;;;;;;;;;;BARRIDO/MOPA;BARRIDO/MOPA;;;;BARRIDO;;;;;;;;FULL;;;;;;BARRIDO/MOPA;;
1;0;1;7127;SRVF90;JUANITA;;;;;;;;;;;;;;;;;;BARRIDO/MOPA;;;BARRIDO;FULL;;;;;BARRIDO/MOPA;;;;;;;BARRIDO;;;
1;0;1;7128;SRVF96;JUANITA;;;;;;;;;;;;;;;;BARRIDO/MOPA;BARRIDO/MOPA;;;;;;;;;;BARRIDO/MOPA;;;;;FULL;;;;;
0;0;0;7129;SRVG10;JUANITA;;;;;;;;;;;;;;;;BARRIDO/MOPA;BARRIDO/MOPA;;;;BARRIDO;;;;;;;;;;;;EXTERNO/EXPRESS;;;;
2;1;1;7130;SRVG25;JUANITA;;;;;;;;;;FULL;;;;;;;BARRIDO/MOPA;BARRIDO/MOPA;;;BARRIDO;;;;;;;BARRIDO/MOPA;;;;;;;FULL;;
0;0;0;7131;SRVG32;JUANITA;;;;;;;;;;;;;;;;BARRIDO/MOPA;BARRIDO/MOPA;BARRIDO/MOPA;;;BARRIDO;;;;;;;BARRIDO/MOPA;;;BARRIDO/MOPA;;;;;;
2;1;1;7132;SRVG44;JUANITA;;;;;;;;;;FULL;;FULL;;;;BARRIDO/MOPA;BARRIDO/MOPA;;;;BARRIDO;;;;;;;;BARRIDO;;;;;BARRIDO;;;
1;1;0;7133;SRVG48;JUANITA;;;;FULL;;;;;;;;;;;;BARRIDO/MOPA;;;;;BARRIDO;;;;;;;BARRIDO/MOPA;;;;;;;;;
1;1;0;7134;SRVG49;JUANITA;;;;;;;;;;;FULL;;;;;BARRIDO/MOPA;BARRIDO/MOPA;;;;BARRIDO;BARRIDO/MOPA;;;;;;;;;;BARRIDO;;;;;
2;2;0;7135;SRVG53;JUANITA;;;;;FULL;;;;;FULL;;;;;;BARRIDO/MOPA;;;;;;;;;;;;;;;;;;BARRIDO;;;
2;1;1;7136;SRVG65;JUANITA;;;FULL;;;;;;;;;;;;;BARRIDO/MOPA;BARRIDO/MOPA;BARRIDO/MOPA;;;BARRIDO;;;;;FULL;;;;;BARRIDO/MOPA;;;;;;
1;0;1;7137;SRVG68;JUANITA;;;;;;;;;;;;FULL;;;;BARRIDO/MOPA;;;;;;;;;;;;;BARRIDO;;;;EXTERNO/EXPRESS;;;;
1;0;1;7138;SRVG70;JUANITA;;;;;;;;;;;;;;;;;BARRIDO/MOPA;;;;BARRIDO;;;;;;;BARRIDO/MOPA;;FULL;;;;;;;
0;0;0;7139;SRVG76;JUANITA;;;;;;;;;;;;;;;;;;;;;;;;;;;;BARRIDO/MOPA;;;;;;BARRIDO;;;
1;0;1;7140;SRVG77;JUANITA;;;;;;;;;;;;;;;;;BARRIDO/MOPA;;;;BARRIDO;;;;;;BARRIDO/MOPA;;;;FULL;;;;;;
1;1;0;7141;SRVG81;JUANITA;;;;;FULL;;;;;;;;;;;;;;;;;;;;;;;BARRIDO/MOPA;;;;BARRIDO;;;;;
3;1;2;7142;SRVG83;JUANITA;;;;FULL;;;;;;;;FULL;;;;BARRIDO/MOPA;BARRIDO/MOPA;;;;BARRIDO;;;;;;;;;;FULL;;;BARRIDO;;;
1;0;1;7143;SRVG86;JUANITA;;;;;;;;;;;;;;;;BARRIDO/MOPA;BARRIDO/MOPA;;;;;;;;;;;BARRIDO/MOPA;;;;;;;FULL;;
4;3;1;7144;SRVG88;JUANITA;FULL;;;FULL;;;;;;;FULL;;;;;BARRIDO/MOPA;;BARRIDO/MOPA;;;;;;;;;;BARRIDO/MOPA;;;;FULL;;;;;
1;1;0;7145;SRVG91;JUANITA;;FULL;;;;;;;;;;;;;;;;;;;;EXTERNO/EXPRESS;;;;;;BARRIDO/MOPA;;;;;EXTERNO/EXPRESS;;;;
1;0;1;7146;SRVG92;JUANITA;;;;;;;;;;;;;;;;;;BARRIDO/MOPA;;;BARRIDO;;;;;BARRIDO/MOPA;;;BARRIDO;;;;;FULL;;;
1;1;0;7147;SRVG94;JUANITA;;;;;;;;;FULL;;;;;;;BARRIDO/MOPA;;;;;BARRIDO;;;;;BARRIDO/MOPA;;;;;;;;;;;
1;1;0;7148;SRVG98;JUANITA;;;;FULL;;;;;;;;;;;;;;;;;;;;;;;;;;;BARRIDO/MOPA;BARRIDO;;;;;
2;1;1;7149;SRVH10;JUANITA;;FULL;;;;;;;;;;;;;;;;;;;;;;;;BARRIDO/MOPA;;;FULL;;;;;;;;
0;0;0;7150;SRVH11;JUANITA;;;;;;;;;;;;;;;;;;;;;;BARRIDO/MOPA;;;;;;;;;;;;;;;
3;2;1;7151;SRVH13;JUANITA;;;;FULL;;;;;FULL;;;;;;;BARRIDO/MOPA;;;;;;;;;;;;;;;;;FULL;;;;
1;1;0;7152;SRVH19;JUANITA;;;;;;;;;;FULL;;;;;;;BARRIDO/MOPA;;;;;;;;;BARRIDO/MOPA;;;BARRIDO;;;BARRIDO;;;BARRIDO;;
5;2;3;7153;SRVH22;JUANITA;FULL;;;;;;;;FULL;;;;;;FULL;FULL;BARRIDO/MOPA;;;;;;;;;BARRIDO/MOPA;;;;FULL;;;;;;;
0;0;0;7154;SRVH45;JUANITA;;;;;;;;;;;;;;;;BARRIDO/MOPA;;;;;BARRIDO;;;;;;;;;;BARRIDO;;;;;;
1;0;1;7155;SRVH71;JUANITA;;;;;;;;;;;;;;;;BARRIDO/MOPA;BARRIDO/MOPA;;;;;BARRIDO/MOPA;;;;;;;BARRIDO;;;;;FULL;;;
0;0;0;7156;SRVH73;JUANITA;;;;;;;;;;;;;;;;BARRIDO/MOPA;BARRIDO/MOPA;;;;;;;;;;;;;;;BARRIDO;;;;;
3;1;2;7157;SRVJ34;JUANITA;;;;;;;;;;;FULL;;;;;FULL;;;FULL;;BARRIDO;;;;;;;;BARRIDO;;;;;;BARRIDO;;
1;0;1;7158;SRVJ39;JUANITA;;;;;;;;;;;;;;;;;;;;;;;;;;;;FULL;;;BARRIDO/MOPA;;;;;;
0;0;0;7159;SRVJ43;JUANITA;;;;;;;;;;;;;;;;BARRIDO/MOPA;;BARRIDO/MOPA;;;;;;;;BARRIDO/MOPA;;;;;;;;;;;
0;0;0;7160;SRVJ55;JUANITA;;;;;;;;;;;;;;;;BARRIDO/MOPA;;BARRIDO/MOPA;;;BARRIDO;;;;;;;;;;;;;BARRIDO;;;
2;1;1;7161;SRVJ64;JUANITA;FULL;;;;;;;;;;;;;;;BARRIDO/MOPA;;FULL;;;;;;;;BARRIDO/MOPA;;;;;BARRIDO/MOPA;;EXTERNO/EXPRESS;;;;
2;0;2;7162;SRVJ78;JUANITA;;;;;;;;;;;;;;;;;;;;;;BARRIDO;;;;FULL;;;FULL;;;;;;BARRIDO;;
2;0;2;7163;SRVJ82;JUANITA;;;;;;;;;;;;;;;;BARRIDO/MOPA;;;;;;;;;;FULL;;;;;;FULL;;;;;
2;0;2;7164;SRVJ90;JUANITA;;;;;;;;;;;;;;;;;;;;;;;;;;FULL;;;BARRIDO;;;;;FULL;;;
0;0;0;7165;SRVK11;JUANITA;;;;;;;;;;;;;;;;;;;;;BARRIDO;BARRIDO/MOPA;;;;;;BARRIDO/MOPA;;;;;;;;;
1;0;1;7166;SRVK42;JUANITA;;;;;;;;;;;;;;;;;;BARRIDO/MOPA;;;;;;;;;;BARRIDO/MOPA;;;;BARRIDO;;FULL;;;
1;1;0;7167;SRVK61;JUANITA;;;;;;;;FULL;;;;;;;;;;;;;BARRIDO;;;;;;;;;;;;;;;;
0;0;0;7168;SRVK90;JUANITA;;;;;;;;;;;;;;;;;;;;;;BARRIDO/MOPA;;;;;;;;;BARRIDO/MOPA;;;;BARRIDO;;
1;1;0;7169;SRVK97;JUANITA;;;;FULL;;;;;;;;;;;;;;;;;BARRIDO;;;;;;;;;;;BARRIDO;;;;;
2;0;2;7170;SRVL11;JUANITA;;;;;;;;;;;;FULL;;;;BARRIDO/MOPA;;;;;;;;;;;BARRIDO/MOPA;;;;;;FULL;;;;
0;0;0;7171;SRVL15;JUANITA;;;;;;;;;;;;;;;;BARRIDO/MOPA;;;;;BARRIDO;;;;;;;;;;;;;;BARRIDO/MOPA;;
2;1;1;7172;SRVL21;JUANITA;;;;;;;;;;FULL;;;;;;BARRIDO/MOPA;;BARRIDO/MOPA;;;;;;;;BARRIDO/MOPA;;FULL;;;;;;BARRIDO;;;
1;1;0;7173;SRVL24;JUANITA;;;;;;;;;;;FULL;;;;;;;;;;;BARRIDO;;;;;BARRIDO/MOPA;;;;;BARRIDO;;;;;
0;0;0;7174;SRVL25;JUANITA;;;;;;;;;;;;;;;;BARRIDO/MOPA;;;;;;;;;;;BARRIDO/MOPA;;;;;;;;;;
3;1;2;7175;SRVL35;JUANITA;;;;;;;;;FULL;;;;;;FULL;;;;;;BARRIDO;;;;;;;;;;;;;;FULL;;
0;0;0;7176;SRVL40;JUANITA;;;;;;;;;;;;;;;;BARRIDO/MOPA;;;;;;;;;;;BARRIDO/MOPA;;;;BARRIDO/MOPA;;;BARRIDO;;;
0;0;0;7177;SRVL45;JUANITA;;;;;;;;;;;;;;;;BARRIDO/MOPA;;;;;;;;;;;;;;;;;;;;;
0;0;0;7178;SRVL72;JUANITA;;;;;;;;;;;;;;;;BARRIDO/MOPA;;BARRIDO/MOPA;;;;BARRIDO;;;;BARRIDO/MOPA;;;;;;;;;;;
1;0;1;7179;SRVL75;JUANITA;;;;;;;;;;;;;;;;;;;;;;;;;;BARRIDO/MOPA;;;FULL;;;BARRIDO;;;;;
0;0;0;7180;SRVL78;JUANITA;;;;;;;;;;;;;;;;BARRIDO/MOPA;;;;;BARRIDO;;;;;;;;;;;;;;BARRIDO;;
2;0;2;7181;STHC57;JUANITA;;;;;;;;;;;;;;;FULL;BARRIDO/MOPA;;;;;;;;;;;BARRIDO/MOPA;;;;;;FULL;;;;
0;0;0;7182;STHC95;JUANITA;;;;;;;;;;;;;;;;BARRIDO/MOPA;;;;;BARRIDO;;;;;BARRIDO/MOPA;;;;;;;;BARRIDO;;;
0;0;0;7183;STHD12;JUANITA;;;;;;;;;;;;;;;;BARRIDO/MOPA;;BARRIDO/MOPA;;;;;;;;BARRIDO/MOPA;;;;;;;;;;;
0;0;0;7184;STHD50;JUANITA;;;;;;;;;;;;;;;;BARRIDO/MOPA;;;;;;;;;;;;;;;;;EXTERNO/EXPRESS;;BARRIDO;;
0;0;0;7185;STHD26;JUANITA;;;;;;;;;;;;;;;;;;;;;;;;;;;;;;;;;;;;;
0;0;0;7186;STHF36;JUANITA;;;;;;;;;;;;;;;;;;;;;;BARRIDO;;;;;;;;;;;;;;;
1;0;1;7187;STHF56;JUANITA;;;;;;;;;;;;;;;;BARRIDO/MOPA;;;;;;;;;;;;;FULL;BARRIDO/MOPA;;;;BARRIDO;;;
0;0;0;7188;STHF57;JUANITA;;;;;;;;;;;;;;;;BARRIDO/MOPA;;;;;;;;;;;;;;;;BARRIDO;;;;;
2;1;1;7189;STHF67;JUANITA;;;;;;;;;FULL;;;;;;;BARRIDO/MOPA;;;;;BARRIDO;;;;;;BARRIDO/MOPA;;;;;;FULL;;;;
2;1;1;7190;STHF69;JUANITA;;FULL;;;;;;;;;;;;;;BARRIDO/MOPA;;;;;;;;;;;BARRIDO/MOPA;;FULL;;;;;;;;
1;0;1;2046;LXDH88;SANTA MARGARITA;;;;;;;;;;;;;;;;;;;;;;;;;;;;;;;FULL;;;;;;
1;0;1;2065;LXDJ17;SANTA MARGARITA;;;;;;;;;;;;;;;;;BARRIDO;;BARRIDO;;;;;;;;;;;;BARRIDO/MOPA;BARRIDO;FULL;;;;
0;0;0;2066;LXDJ18;SANTA MARGARITA;;;;;;;;;;;;;;;BARRIDO;BARRIDO;BARRIDO;;;;;;;;BARRIDO;BARRIDO;;;;;;;;;;;
0;0;0;2074;LXDJ26;SANTA MARGARITA;;;;;;;;;;;;;;;;;BARRIDO;;BARRIDO;;;;;;;;;;BARRIDO;;;;;;;;
0;0;0;2075;LXDJ27;SANTA MARGARITA;;;;;;;;;;;;;;;;;;;;;;;EXTERNO/EXPRESS;BARRIDO;BARRIDO;;;;BARRIDO;;;;;;;;
1;0;1;2076;LXDJ28;SANTA MARGARITA;;;;;;;;;;;;;;;;;BARRIDO;;BARRIDO;;;;;;BARRIDO;BARRIDO;;;;;;FULL;BARRIDO;;;;
0;0;0;2077;LXDJ29;SANTA MARGARITA;;;;;;;;;;;;;;;;;;;;;;;;;BARRIDO/MOPA;BARRIDO;BARRIDO;;BARRIDO;BARRIDO;;BARRIDO/MOPA;BARRIDO/MOPA;;;;
1;0;1;2078;LXDJ30;SANTA MARGARITA;;;;;;;;;;;;;;;;BARRIDO;BARRIDO;FULL;BARRIDO;;;;;BARRIDO;BARRIDO;;;;;;;;;;;;
1;0;1;2079;LXDJ31;SANTA MARGARITA;;;;;;;;;;;;;;;;;;FULL;BARRIDO;;BARRIDO/MOPA;;;;BARRIDO/MOPA;;;;;;;;;;;;
0;0;0;4025;SHCY18;SANTA MARGARITA;;;;;;;;;;;;;;;;;;;;;BARRIDO/MOPA;;;BARRIDO;BARRIDO;BARRIDO;BARRIDO;BARRIDO/MOPA;BARRIDO;BARRIDO;BARRIDO/MOPA;BARRIDO;;;;;BARRIDO/MOPA
0;0;0;4026;SHXC20;SANTA MARGARITA;;;;;;;;;;;;;;;;;;;;;BARRIDO/MOPA;BARRIDO/MOPA;BARRIDO;;BARRIDO;;;;BARRIDO;BARRIDO;;BARRIDO;BARRIDO/MOPA;;;;BARRIDO
1;0;1;4027;SHCY17;SANTA MARGARITA;;;;;;;;;;;;;;;BARRIDO;;;;BARRIDO;;;;BARRIDO;BARRIDO;BARRIDO;;;;BARRIDO;BARRIDO/MOPA;BARRIDO/MOPA;BARRIDO;;FULL;;;
1;0;1;4028;SHXD76;SANTA MARGARITA;;;;;;;;;;;;;;;;BARRIDO;;;BARRIDO;;;;BARRIDO;FULL;BARRIDO;;;BARRIDO;BARRIDO;BARRIDO/MOPA;BARRIDO/MOPA;BARRIDO;;;BARRIDO/MOPA;;BARRIDO
1;0;1;4029;SHXD78;SANTA MARGARITA;;;;;;;;;;;;;;;;;;;;;;;BARRIDO;;;;BARRIDO;;BARRIDO;BARRIDO/MOPA;BARRIDO/MOPA;BARRIDO;;FULL;;;
1;0;1;4030;SHXF24;SANTA MARGARITA;;;;;;;;;;;;;;;BARRIDO;;;;;;;;;;FULL;BARRIDO;BARRIDO;;;BARRIDO;BARRIDO;BARRIDO;;;;;BARRIDO/MOPA
1;0;1;4032;SHXF26;SANTA MARGARITA;;;;;;;;;;;;;;;BARRIDO;;BARRIDO;;;;;;FULL;;BARRIDO;;;;;;BARRIDO;BARRIDO;BARRIDO;;BARRIDO;;
1;0;1;4033;SHXF27;SANTA MARGARITA;;;;;;;;;;;;;;;BARRIDO;;BARRIDO;;;;;;FULL;;BARRIDO;BARRIDO;;;;BARRIDO/MOPA;BARRIDO/MOPA;BARRIDO/MOPA;;;BARRIDO;;
0;0;0;4034;SHXF28;SANTA MARGARITA;;;;;;;;;;;;;;;;;;;;;BARRIDO/MOPA;;BARRIDO;BARRIDO;BARRIDO;BARRIDO;BARRIDO;BARRIDO;BARRIDO/MOPA;BARRIDO/MOPA;BARRIDO/MOPA;BARRIDO;;;BARRIDO/MOPA;;
0;0;0;4037;SHXG30;SANTA MARGARITA;;;;;;;;;;;;;;;BARRIDO;BARRIDO;;;;;;;;BARRIDO;BARRIDO;;;BARRIDO/MOPA;;BARRIDO/MOPA;BARRIDO;BARRIDO;;;;;
3;0;3;4039;SHXG32;SANTA MARGARITA;;;;;;;;;;;;;;;BARRIDO;;;;BARRIDO;;;;;BARRIDO;BARRIDO;FULL;;;BARRIDO;;FULL;BARRIDO;FULL;;;;
0;0;0;4045;SJPC38;SANTA MARGARITA;;;;;;;;;;;;;;;;;;;;;;;;BARRIDO;;;;;BARRIDO;;;BARRIDO;BARRIDO;;;;
0;0;0;4047;SJPC44;SANTA MARGARITA;;;;;;;;;;;;;;;BARRIDO;;;;BARRIDO;;;;;;;;;;;;;BARRIDO;BARRIDO;;;;BARRIDO
1;0;1;4053;SJPC56;SANTA MARGARITA;;;;;;;;;;;;;;;;BARRIDO;BARRIDO;;;;BARRIDO/MOPA;;;BARRIDO;BARRIDO;;BARRIDO/MOPA;;FULL;;;;;;;;
0;0;0;4054;SJPC66;SANTA MARGARITA;;;;;;;;;;;;;;;;;;;BARRIDO;;BARRIDO/MOPA;;;BARRIDO;;;BARRIDO;BARRIDO;BARRIDO/MOPA;;;BARRIDO/MOPA;BARRIDO;;;;BARRIDO
0;0;0;4055;SJPC67;SANTA MARGARITA;;;;;;;;;;;;;;;;;;;;;;;;BARRIDO;BARRIDO;;;;;;;;BARRIDO/MOPA;;;;BARRIDO
1;0;1;4060;SJPD92;SANTA MARGARITA;;;;;;;;;;;;;;;;;;;BARRIDO;;;BARRIDO/MOPA;BARRIDO;;BARRIDO;;;;FULL;BARRIDO;;;BARRIDO;;;;BARRIDO
0;0;0;4062;SJPD94;SANTA MARGARITA;;;;;;;;;;;;;;;;;BARRIDO;;BARRIDO;;;BARRIDO/MOPA;BARRIDO/MOPA;;BARRIDO;BARRIDO;;;;;BARRIDO;BARRIDO;;;;;
0;0;0;4065;SJPD99;SANTA MARGARITA;;;;;;;;;;;;;;;;BARRIDO;BARRIDO;;;;;;;;BARRIDO;BARRIDO;;BARRIDO;;BARRIDO;;BARRIDO;;;;;
0;0;0;1002;SHCY11;EL RETIRO;;;;;;;;;;;;;;;;BARRIDO;;BARRIDO;BARRIDO;;;BARRIDO/MOPA;EXTERNO/EXPRESS;;;BARRIDO;;BARRIDO;;BARRIDO/MOPA;BARRIDO;;BARRIDO/MOPA;;BARRIDO/MOPA;;
1;0;1;1003;SHCY32;EL RETIRO;;;;;;;;;;;;;;;;;;FULL;;;;BARRIDO/MOPA;;BARRIDO/MOPA;BARRIDO/MOPA;BARRIDO;;;;BARRIDO/MOPA;BARRIDO/MOPA;BARRIDO/MOPA;;;;;
1;0;1;1004;SHCY33;EL RETIRO;;;;;;;;;;;;;;;;;;FULL;;;;BARRIDO/MOPA;BARRIDO;BARRIDO;BARRIDO/MOPA;BARRIDO;BARRIDO;;;BARRIDO/MOPA;BARRIDO/MOPA;BARRIDO/MOPA;BARRIDO/MOPA;;BARRIDO/MOPA;;
0;0;0;1005;SHCY34;EL RETIRO;;;;;;;;;;;;;;;BARRIDO;BARRIDO;;;;;;BARRIDO/MOPA;BARRIDO;BARRIDO;BARRIDO/MOPA;;;BARRIDO;;;;;;;BARRIDO/MOPA;;
0;0;0;1008;SHCY39;EL RETIRO;;;;;;;;;;;;;;;;;;;;;BARRIDO/MOPA;;BARRIDO;;BARRIDO/MOPA;;;BARRIDO;;;BARRIDO/MOPA;;BARRIDO/MOPA;;BARRIDO/MOPA;BARRIDO;
2;1;1;1009;SHCY40;EL RETIRO;FULL;;;;;;;;;;;;;;BARRIDO;BARRIDO;BARRIDO;BARRIDO;BARRIDO;;BARRIDO/MOPA;BARRIDO/MOPA;BARRIDO;;BARRIDO;BARRIDO;BARRIDO;;;FULL;BARRIDO/MOPA;;BARRIDO/MOPA;;BARRIDO/MOPA;;
3;0;3;1010;SHCY46;EL RETIRO;;;;;;;;;;;;;;;;BARRIDO;FULL;BARRIDO;BARRIDO;FULL;;;;BARRIDO;;;BARRIDO;BARRIDO;;BARRIDO;FULL;;;;;BARRIDO;
2;1;1;1011;SHCY47;EL RETIRO;FULL;;;;;;;;;;;;;;;;BARRIDO;;;FULL;BARRIDO/MOPA;;BARRIDO;;BARRIDO/MOPA;;;BARRIDO;;BARRIDO;;BARRIDO/MOPA;;;;BARRIDO;
1;1;0;1012;SHCY49;EL RETIRO;;;;;;;;;;;FULL;;;;;BARRIDO;;;;;;;;;BARRIDO;BARRIDO;BARRIDO;;;;BARRIDO;;;;;BARRIDO;
3;2;1;1013;SHCY50;EL RETIRO;FULL;;;;;;;FULL;;;;;;;;BARRIDO;;FULL;BARRIDO;;;;;BARRIDO/MOPA;BARRIDO;;;;;BARRIDO/MOPA;BARRIDO/MOPA;;BARRIDO/MOPA;;BARRIDO/MOPA;;
2;1;1;1015;SHCY55;EL RETIRO;;;;;;;;;;;FULL;;;;;;;;FULL;;;;BARRIDO;BARRIDO;BARRIDO/MOPA;;BARRIDO;;;BARRIDO/MOPA;BARRIDO/MOPA;BARRIDO;;;;;
0;0;0;2042;LXDH84;EL RETIRO;;;;;;;;;;;;;;;;;;;;;;;EXTERNO/EXPRESS;;;;;;EXTERNO/EXPRESS;;;;;;;;
1;0;1;2043;LXDH85;EL RETIRO;;;;;;;;;;;;;;;;;;;;;;;EXTERNO/EXPRESS;FULL;;;;;;;;;;;;;
3;3;0;2044;LXDH86;EL RETIRO;;FULL;;;;;;;FULL;;FULL;;;;;;;;BARRIDO;BARRIDO/MOPA;BARRIDO/MOPA;BARRIDO;;;;;BARRIDO/MOPA;;;;;;;;BARRIDO/MOPA;;
1;0;1;2045;LXDH87;EL RETIRO;;;;;;;;;;;;;;;;;;;;;BARRIDO;;;;FULL;BARRIDO/MOPA;;;;;;;;;;;
2;1;1;2047;LXDH89;EL RETIRO;;;;;;;;;;FULL;;;;;;;;;;;BARRIDO/MOPA;;FULL;;;;;;;;;;;;BARRIDO/MOPA;;
2;1;1;2048;LXDH90;EL RETIRO;;;;;;;;;FULL;;;;;;;;;FULL;BARRIDO/MOPA;;;;;;BARRIDO;BARRIDO/MOPA;BARRIDO/MOPA;BARRIDO/MOPA;;BARRIDO;;;;;;;
3;2;1;2049;LXDH91;EL RETIRO;;;FULL;;;;;;;;FULL;;;;;;;;;;BARRIDO/MOPA;BARRIDO;;;;;BARRIDO/MOPA;;;FULL;;;;;;;
0;0;0;2050;LXDH92;EL RETIRO;;;;;;;;;;;;;;;;;;;;;;;;;;;;;;;;;;;BARRIDO/MOPA;;
1;1;0;2051;LXDH93;EL RETIRO;;;;;;;;;FULL;;;;;;;;;;;BARRIDO/MOPA;;;;;;;BARRIDO/MOPA;BARRIDO/MOPA;;BARRIDO;;;;;;;
1;0;1;2052;LXDH94;EL RETIRO;;;;;;;;;;;;;;;;;;;;;;;;;;;;;;FULL;;;;;BARRIDO/MOPA;;
4;3;1;2053;LXDH95;EL RETIRO;;;;;;;;;FULL;FULL;FULL;;;;;;;;;;;;;;;;;;;;;FULL;;;;;
0;0;0;2054;LXDH96;EL RETIRO;;;;;;;;;;;;;;;;;;;BARRIDO;;BARRIDO/MOPA;;;;;;BARRIDO/MOPA;;;;;;;;;;
1;1;0;2055;LXDH97;EL RETIRO;FULL;;;;;;;;;;;;;;;;;;;;;;;;;;;;;;;;;;BARRIDO/MOPA;;
3;2;1;2056;LXDH98;EL RETIRO;FULL;FULL;;;;;;;;;;;;;;;;;;;;;;;;;;;FULL;;;;;;;;
0;0;0;2058;LXDJ10;EL RETIRO;;;;;;;;;;;;;;;;;;;;;BARRIDO/MOPA;BARRIDO;;;;;BARRIDO/MOPA;BARRIDO/MOPA;;;;;;;BARRIDO/MOPA;;
1;1;0;2059;LXDJ11;EL RETIRO;;;;;;;;;;;FULL;;;;;;;;;;;;BARRIDO;;BARRIDO;;BARRIDO/MOPA;;BARRIDO/MOPA;;;;;;;;
1;0;1;2064;LXDJ16;EL RETIRO;;;;;;;;;;;;;;;BARRIDO;;;;;;BARRIDO;BARRIDO/MOPA;;FULL;BARRIDO/MOPA;;;;;;;BARRIDO;BARRIDO/MOPA;;;BARRIDO;
0;0;0;2069;LXDJ21;EL RETIRO;;;;;;;;;;;;;;;;;;BARRIDO/MOPA;BARRIDO;;BARRIDO/MOPA;BARRIDO;;BARRIDO;BARRIDO/MOPA;;BARRIDO/MOPA;;;;;;;;BARRIDO/MOPA;;
3;1;2;2070;LXDJ22;EL RETIRO;;;;;;;;;;;FULL;;;;BARRIDO;;;;BARRIDO;;;;;;;;;;;;;FULL;FULL;;;;
3;1;2;2071;LXDJ23;EL RETIRO;FULL;;;;;;;;;;;;;;;;FULL;BARRIDO;BARRIDO;;;BARRIDO/MOPA;EXTERNO/EXPRESS;BARRIDO;BARRIDO;BARRIDO;BARRIDO;;FULL;;;BARRIDO;;;BARRIDO/MOPA;BARRIDO;
0;0;0;2072;LXDJ24;EL RETIRO;;;;;;;;;;;;;;;;;;;;;;;;;;;;;;;;;;;;;
2;0;2;2073;LXDJ25;EL RETIRO;;;;;;;;;;;;;;;;;;;;;;FULL;;;;FULL;BARRIDO/MOPA;BARRIDO/MOPA;;;;;;;;;
1;1;0;2112;LDJW49;EL RETIRO;;FULL;;;;;;;;;;;;;;;;;;;;;;;;;;;;;;;;;;;
1;1;0;4035;SHXF30;EL RETIRO;;;;FULL;;;;;;;;;;;BARRIDO;BARRIDO;;;BARRIDO;;BARRIDO/MOPA;;;BARRIDO;BARRIDO;BARRIDO;;;;;;BARRIDO/MOPA;BARRIDO/MOPA;;BARRIDO;;
0;0;0;4036;SHXG17;EL RETIRO;;;;;;;;;;;;;;;BARRIDO;;BARRIDO;;BARRIDO;;;;BARRIDO/MOPA;BARRIDO;BARRIDO;;;BARRIDO/MOPA;BARRIDO;BARRIDO;;BARRIDO/MOPA;;;BARRIDO/MOPA;;BARRIDO
0;0;0;4038;SHXG31;EL RETIRO;;;;;;;;;;;;;;;BARRIDO;;BARRIDO;;BARRIDO;;;BARRIDO/MOPA;BARRIDO;;BARRIDO;BARRIDO;;;;BARRIDO;BARRIDO;BARRIDO;BARRIDO;;BARRIDO/MOPA;;BARRIDO/MOPA
1;1;0;4040;SHXG34;EL RETIRO;;;;FULL;;;;;;;;;;;;;;;;;;;BARRIDO;;BARRIDO;BARRIDO;;;;BARRIDO/MOPA;BARRIDO/MOPA;BARRIDO/MOPA;;;;;
0;0;0;4043;SJPC36;EL RETIRO;;;;;;;;;;;;;;;;;;;BARRIDO;;;;;BARRIDO;BARRIDO;;;BARRIDO;;BARRIDO/MOPA;BARRIDO/MOPA;BARRIDO/MOPA;;;;;
0;0;0;4044;SJPC37;EL RETIRO;;;;;;;;;;;;;;;BARRIDO;;;;;;BARRIDO/MOPA;BARRIDO/MOPA;BARRIDO;;BARRIDO/MOPA;BARRIDO;;;;;BARRIDO;BARRIDO/MOPA;;;BARRIDO;;
1;0;1;4046;SJPC41;EL RETIRO;;;;;;;;;;;;;;;BARRIDO;;;;BARRIDO;;;;;BARRIDO;BARRIDO;FULL;;BARRIDO;BARRIDO;BARRIDO;BARRIDO;BARRIDO;;;BARRIDO/MOPA;;
0;0;0;4048;SJPC45;EL RETIRO;;;;;;;;;;;;;;;BARRIDO;;;;;;;;BARRIDO;;BARRIDO;;;;;BARRIDO;BARRIDO;BARRIDO/MOPA;;;;BARRIDO;
1;0;1;4049;SJPC48;EL RETIRO;;;;;;;;;;;;;;;;;BARRIDO;;BARRIDO;;FULL;BARRIDO/MOPA;BARRIDO/MOPA;;BARRIDO;BARRIDO;;;;;BARRIDO;BARRIDO/MOPA;;;;BARRIDO;
0;0;0;4050;SJPC49;EL RETIRO;;;;;;;;;;;;;;;BARRIDO;;;;;;BARRIDO/MOPA;;;BARRIDO;BARRIDO/MOPA;BARRIDO;;;;;BARRIDO/MOPA;;;;;;
1;0;1;4052;SJPC52;EL RETIRO;;;;;;;;;;;;FULL;;;;;BARRIDO;;BARRIDO;;;BARRIDO/MOPA;BARRIDO;BARRIDO;BARRIDO;BARRIDO;;BARRIDO/MOPA;BARRIDO;BARRIDO;BARRIDO;BARRIDO;;;BARRIDO/MOPA;BARRIDO/MOPA;
1;0;1;4057;SJPD89;EL RETIRO;;;;;;;;;;;;;;;;BARRIDO;;;BARRIDO;;;;FULL;;BARRIDO/MOPA;BARRIDO;;BARRIDO;;BARRIDO;;BARRIDO/MOPA;BARRIDO/MOPA;;;BARRIDO/MOPA;BARRIDO
1;0;1;4058;SJPD90;EL RETIRO;;;;;;;;;;;;FULL;;;;;BARRIDO;;BARRIDO;;;;;BARRIDO;BARRIDO;;;;BARRIDO/MOPA;BARRIDO;BARRIDO;BARRIDO/MOPA;BARRIDO/MOPA;;BARRIDO;BARRIDO/MOPA;BARRIDO
1;0;1;4059;SJPD91;EL RETIRO;;;;;;;;;;;;;;;BARRIDO;;;;BARRIDO;;;BARRIDO/MOPA;;BARRIDO;BARRIDO/MOPA;;;BARRIDO/MOPA;BARRIDO;FULL;BARRIDO;;;;BARRIDO;BARRIDO/MOPA;
1;0;1;4061;SJPD93;EL RETIRO;;;;;;;;;;;;;;;;;;;BARRIDO;;;BARRIDO/MOPA;BARRIDO;;BARRIDO;BARRIDO;;BARRIDO;;BARRIDO;FULL;;;;;BARRIDO/MOPA;
2;1;1;4063;SJPD95;EL RETIRO;;;;;;;;;FULL;;;FULL;;;BARRIDO;BARRIDO;BARRIDO;;;;BARRIDO/MOPA;;;;BARRIDO;BARRIDO;;BARRIDO;BARRIDO;BARRIDO/MOPA;BARRIDO/MOPA;;BARRIDO;;BARRIDO/MOPA;BARRIDO/MOPA;
0;0;0;4064;SJPD96;EL RETIRO;;;;;;;;;;;;;;;BARRIDO;BARRIDO;;;;;BARRIDO/MOPA;;;;BARRIDO/MOPA;;;;;BARRIDO;BARRIDO;BARRIDO/MOPA;BARRIDO/MOPA;;BARRIDO;BARRIDO/MOPA;
0;0;0;4067;SJPC68;EL RETIRO;;;;;;;;;;;;;;;BARRIDO;;BARRIDO;;;;;;;;;;;;;;;;;;;;
2;0;2;4069;SJPF87;EL RETIRO;;;;;;;;;;;;FULL;;;BARRIDO;;;;;;;;BARRIDO;BARRIDO;BARRIDO;;;;;FULL;BARRIDO;BARRIDO/MOPA;BARRIDO/MOPA;;;;
0;0;0;1000;SHCX53;CONDELL;;;;;;;;;;;;;;;;;;;;;;;;;;;;;;;;;;;;;
0;0;0;1001;SHCY10;CONDELL;;;;;;;;;;;;;;;;;;;;;;;;;;;;;;;;;;;;;
0;0;0;1018;SHXF83;CONDELL;;;;;;;;;;;;;;;;;;BARRIDO/MOPA;;;;;;;;;;;;;;;;;;;
2;1;1;1019;SHXG99;CONDELL;FULL;;;;;;;;;;;;;;;;;FULL;;;;;;;;;EXTERNO/EXPRESS;EXTERNO/EXPRESS;;;;;;;;;
0;0;0;1020;SHCY62;CONDELL;;;;;;;;;;;;;;;;;;;;;;;;;;;;;;;;;;;;;
0;0;0;1021;SHCY45;CONDELL;;;;;;;;;;;;;;;;;;;;;;;;;;;;;EXTERNO/EXPRESS;;;;;;;;
1;1;0;1022;SHCY44;CONDELL;FULL;;;;;;;;;;;;;;;;;;;;;;;;;;EXTERNO/EXPRESS;;;;;;;;;;
0;0;0;1023;SHCY43;CONDELL;;;;;;;;;;;;;;;;;;;;;;;;;;;;;;;;BARRIDO/MOPA;;;;;
0;0;0;1028;SHXD83;CONDELL;;;;;;;;;;;;;;;;;;;;;;;;;;;;;;;;;;;;;
1;1;0;1029;SHCY38;CONDELL;;FULL;;;;;;;;;;;;;;;;;;;;;;;;;;;EXTERNO/EXPRESS;;;;;;;;
2;0;2;2080;LDJP67;CONDELL;;;;;;;;;;;;;;;;;;;;;;;;FULL;FULL;;BARRIDO/MOPA;;;;;;;;;;
0;0;0;2081;LDJP70;CONDELL;;;;;;;;;;;;;;;;;;;BARRIDO/MOPA;;;;;;;;;;;;;;;;;;
1;0;1;2082;LDJP71;CONDELL;;;;;;;;;;;;;;;;;;FULL;;;;;;;;;;;;;;;;;;;
2;0;2;2083;LDJP72;CONDELL;;;;;;;;;;;;;;;;;;;;;BARRIDO/MOPA;;FULL;;;BARRIDO/MOPA;;;;;;FULL;;;;;
0;0;0;2084;LDJP73;CONDELL;;;;;;;;;;;;;;;;;;;BARRIDO/MOPA;;;BARRIDO/MOPA;;;;;EXTERNO/EXPRESS;;;;;;;;;;
4;2;2;2085;LDJV43;CONDELL;FULL;FULL;;;;;;;;;;;;;;;;;;;;;;FULL;;BARRIDO/MOPA;;;;;;FULL;;;;;
0;0;0;2086;LDJV44;CONDELL;;;;;;;;;;;;;;;;;;;;;;;;;;;BARRIDO/MOPA;;;;;;;;;;
1;0;1;2087;LDJV45;CONDELL;;;;;;;;;;;;;;;;;FULL;BARRIDO/MOPA;;;;;;;;;;;;;;;;;;;
1;0;1;2088;LDJV46;CONDELL;;;;;;;;;;;;;;;;;;;;;;;;;;;;;FULL;;;;;;;;
0;0;0;2089;LDJV48;CONDELL;;;;;;;;;;;;;;;;;;;BARRIDO/MOPA;;;;;;;;BARRIDO/MOPA;;;;;;;;;;
1;1;0;2090;LDJV49;CONDELL;;;;;;;;;;FULL;;;;;;;;;;;;;;;;;;;;;;;;;;;
3;2;1;2091;LDJV50;CONDELL;;;FULL;;;;;;;FULL;;;;;BARRIDO;BARRIDO;BARRIDO;;;;;;BARRIDO;FULL;BARRIDO;BARRIDO;;BARRIDO;;;;BARRIDO;BARRIDO/MOPA;;;;
2;2;0;2092;LDJV51;CONDELL;;FULL;;;FULL;;;;;;;;;;;;;;;;;;EXTERNO/EXPRESS;;;;;;;;;;;;;;
3;1;2;2093;LDJV52;CONDELL;;;FULL;;;;;;;;;;;;;;;;;;;FULL;EXTERNO/EXPRESS;;;;;;FULL;;;;;;;;
2;2;0;2094;LDJW29;CONDELL;;;;FULL;;;;;;;FULL;;;;;;;;;;;;;;;;;;;;;;;;;;
3;1;2;2095;LDJW30;CONDELL;;;;;;;;;;;FULL;;;;;;;;;FULL;;BARRIDO/MOPA;;;BARRIDO;BARRIDO;;;FULL;BARRIDO;BARRIDO;BARRIDO/MOPA;BARRIDO/MOPA;;;;
2;2;0;2096;LDJW31;CONDELL;FULL;;;;;;;;;FULL;;;;;;BARRIDO;;;;;;;BARRIDO;BARRIDO;BARRIDO;;;BARRIDO;;;BARRIDO;BARRIDO;BARRIDO/MOPA;;;;
1;0;1;2111;LDJW48;CONDELL;;;;;;;;;;;;;;;;;;;;;;;;;;;;;;;FULL;;;;;;
2;2;0;3000;SJTD55;CONDELL;;;FULL;;FULL;;;;;;;;;;;;;;;;;;;;;;;;;;;;;;;;
1;0;1;3001;SJTD56;CONDELL;;;;;;;;;;;;;;;;;;FULL;BARRIDO/MOPA;;;;;BARRIDO/MOPA;;;BARRIDO/MOPA;EXTERNO/EXPRESS;BARRIDO/MOPA;BARRIDO/MOPA;BARRIDO/MOPA;BARRIDO/MOPA;;;;;
1;1;0;3002;SJTD57;CONDELL;;;;FULL;;;;;;;;;;;;;;;BARRIDO/MOPA;;BARRIDO/MOPA;;;;;;;;;;;;;;;;
1;1;0;3003;SJTD58;CONDELL;;;;;FULL;;;;;;;;;;;;;;;;;BARRIDO/MOPA;BARRIDO/MOPA;;;BARRIDO/MOPA;;EXTERNO/EXPRESS;;;;BARRIDO/MOPA;;;;;
1;0;1;3004;SJTD61;CONDELL;;;;;;;;;;;;FULL;;;;;;;;;BARRIDO/MOPA;;;;;;;;;BARRIDO/MOPA;;BARRIDO/MOPA;;;;;
1;1;0;3005;SJTD62;CONDELL;;;;FULL;;;;;;;;;;;;;;;;;;BARRIDO/MOPA;BARRIDO/MOPA;BARRIDO/MOPA;BARRIDO/MOPA;BARRIDO/MOPA;BARRIDO/MOPA;EXTERNO/EXPRESS;EXTERNO/EXPRESS;;;BARRIDO/MOPA;;;;;
1;1;0;3006;SJTD63;CONDELL;;;FULL;;;;;;;;;;;;;;;;;;;;;;;BARRIDO/MOPA;;EXTERNO/EXPRESS;;;;;;;;;
0;0;0;3007;SJTD64;CONDELL;;;;;;;;;;;;;;;;;;;;;;;BARRIDO/MOPA;;;;;;;;;;;;;;
1;0;1;3008;SJTD65;CONDELL;;;;;;;;;;;;;;;;;;;BARRIDO/MOPA;;BARRIDO/MOPA;;;;;;;;;FULL;;;;;;;
4;2;2;3009;SJTD66;CONDELL;;;;;FULL;;;;;FULL;;;;;;;;;;;BARRIDO/MOPA;BARRIDO/MOPA;EXTERNO/EXPRESS;FULL;BARRIDO/MOPA;BARRIDO/MOPA;;EXTERNO/EXPRESS;BARRIDO/MOPA;FULL;BARRIDO/MOPA;;;;;;
1;1;0;3010;SKHF49;CONDELL;;;;;;;;;;;FULL;;;;;;;;;;BARRIDO/MOPA;BARRIDO/MOPA;BARRIDO/MOPA;;;BARRIDO/MOPA;;;;;;;;;;;
1;1;0;3011;SKHF84;CONDELL;;;;FULL;;;;;;;;;;;;;;;BARRIDO/MOPA;;BARRIDO/MOPA;BARRIDO/MOPA;EXTERNO/EXPRESS;;;;;;;;;;;;;;
2;1;1;3012;SKHF87;CONDELL;;;FULL;;;;;;;;;;;;;;;;;;;BARRIDO/MOPA;;;FULL;;;EXTERNO/EXPRESS;EXTERNO/EXPRESS;;;BARRIDO/MOPA;;;;;
1;1;0;3013;SKHF91;CONDELL;;;;;;;;FULL;;;;;;;;;;;;;;;;BARRIDO/MOPA;;;BARRIDO/MOPA;EXTERNO/EXPRESS;;;;;;;;;
1;0;1;3014;SKHF92;CONDELL;;;;;;;;;;;;FULL;;;;;;;;;;;;BARRIDO;;;;EXTERNO/EXPRESS;;BARRIDO/MOPA;BARRIDO/MOPA;;;;;;
2;1;1;3015;SKHG14;CONDELL;;;;;FULL;;;;;;;;;;;;FULL;BARRIDO/MOPA;BARRIDO/MOPA;;;;EXTERNO/EXPRESS;;;;;;BARRIDO/MOPA;BARRIDO/MOPA;;;;;;;
0;0;0;3016;SKHG17;CONDELL;;;;;;;;;;;;;;;;;;;;;;;EXTERNO/EXPRESS;BARRIDO/MOPA;;;;EXTERNO/EXPRESS;BARRIDO/MOPA;;;;;;;;
1;1;0;3017;SKHG20;CONDELL;;;;FULL;;;;;;;;;;;;;;;;;;;;;;;;;;;;;;;;;
1;1;0;3018;SKHG33;CONDELL;;;;;;;;FULL;;;;;;;;;;;;;;;BARRIDO/MOPA;BARRIDO/MOPA;BARRIDO/MOPA;BARRIDO/MOPA;BARRIDO/MOPA;EXTERNO/EXPRESS;BARRIDO/MOPA;BARRIDO/MOPA;;BARRIDO/MOPA;;;;;
1;0;1;3019;SKHG37;CONDELL;;;;;;;;;;;;FULL;;;;;;;;;BARRIDO/MOPA;;;BARRIDO/MOPA;;BARRIDO/MOPA;;;EXTERNO/EXPRESS;BARRIDO/MOPA;;BARRIDO/MOPA;;;;;
1;1;0;3020;SKHG39;CONDELL;;;;;;;;;;;FULL;;;;;;;;BARRIDO/MOPA;BARRIDO/MOPA;;BARRIDO/MOPA;BARRIDO/MOPA;;;;;;;BARRIDO/MOPA;;BARRIDO/MOPA;;;;;
1;0;1;3021;SKHG40;CONDELL;;;;;;;;;;;;;;;;;FULL;;;;BARRIDO/MOPA;;;BARRIDO/MOPA;;;;EXTERNO/EXPRESS;EXTERNO/EXPRESS;;;BARRIDO/MOPA;;;;;
1;0;1;3022;SKHG42;CONDELL;;;;;;;;;;;;FULL;;;;;;;;BARRIDO/MOPA;;BARRIDO/MOPA;;;;;;EXTERNO/EXPRESS;;BARRIDO/MOPA;BARRIDO/MOPA;;;;;;
0;0;0;3023;SKHG47;CONDELL;;;;;;;;;;;;;;;;;;;BARRIDO/MOPA;BARRIDO/MOPA;;;EXTERNO/EXPRESS;;;BARRIDO/MOPA;;;;;;;;;;;
1;1;0;3024;SKHG55;CONDELL;;;;;;;;;;FULL;;;;;;;;;BARRIDO/MOPA;;;;;;;;;EXTERNO/EXPRESS;BARRIDO/MOPA;;;BARRIDO/MOPA;;;;;
3;0;3;3025;SKHG57;CONDELL;;;;;;;;;;;;;;;;;;;;;;;FULL;BARRIDO/MOPA;;BARRIDO/MOPA;;;FULL;FULL;BARRIDO/MOPA;;;;;;
2;1;1;3026;SKHG59;CONDELL;;;;;;;;;;;FULL;;;;;;;;;BARRIDO/MOPA;;;BARRIDO/MOPA;BARRIDO/MOPA;;BARRIDO/MOPA;BARRIDO/MOPA;EXTERNO/EXPRESS;;;;FULL;;;;;
0;0;0;3027;SKHG62;CONDELL;;;;;;;;;;;;;;;;;;;;;;;;;;;;;;BARRIDO/MOPA;BARRIDO/MOPA;;;;;;
1;0;1;3028;SKHG65;CONDELL;;;;;;;;;;;;;;;;;FULL;;;;;;BARRIDO/MOPA;;;;;EXTERNO/EXPRESS;;BARRIDO/MOPA;;;;;;;
0;0;0;3029;SKHG69;CONDELL;;;;;;;;;;;;;;;;;;;BARRIDO/MOPA;;;;;;;;;;EXTERNO/EXPRESS;;BARRIDO/MOPA;;;;;;
1;0;1;3030;SKHG70;CONDELL;;;;;;;;;;;;;;;;;;;;BARRIDO/MOPA;;;BARRIDO/MOPA;;BARRIDO/MOPA;;EXTERNO/EXPRESS;EXTERNO/EXPRESS;FULL;BARRIDO/MOPA;;;;;;;
0;0;0;3031;SKHG73;CONDELL;;;;;;;;;;;;;;;;;;;;BARRIDO/MOPA;BARRIDO/MOPA;;;;BARRIDO/MOPA;BARRIDO/MOPA;EXTERNO/EXPRESS;EXTERNO/EXPRESS;;;;;;;;;
1;0;1;3032;SKHG74;CONDELL;;;;;;;;;;;;;;;;;;;BARRIDO/MOPA;;;BARRIDO/MOPA;BARRIDO/MOPA;;BARRIDO/MOPA;BARRIDO/MOPA;;;;BARRIDO/MOPA;;FULL;;;;;
0;0;0;3033;SKHG79;CONDELL;;;;;;;;;;;;;;;;;;;;;;;EXTERNO/EXPRESS;BARRIDO/MOPA;;;;EXTERNO/EXPRESS;BARRIDO/MOPA;;BARRIDO/MOPA;BARRIDO/MOPA;;;;;
1;0;1;3034;SKHG80;CONDELL;;;;;;;;;;;;;;;;;;FULL;;;BARRIDO/MOPA;;BARRIDO/MOPA;BARRIDO/MOPA;;BARRIDO/MOPA;;;;;;BARRIDO/MOPA;;;;;
0;0;0;3035;SKHG82;CONDELL;;;;;;;;;;;;;;;;;;;;;BARRIDO/MOPA;BARRIDO/MOPA;EXTERNO/EXPRESS;BARRIDO;;;;;;;;BARRIDO/MOPA;;;;;
0;0;0;3036;SKHG85;CONDELL;;;;;;;;;;;;;;;;;;;;BARRIDO/MOPA;;BARRIDO/MOPA;EXTERNO/EXPRESS;BARRIDO/MOPA;;BARRIDO/MOPA;;EXTERNO/EXPRESS;;;;BARRIDO/MOPA;;;;;
1;0;1;3037;SKHG89;CONDELL;;;;;;;;;;;;;;;;;;FULL;;;;;;BARRIDO/MOPA;;;;;;BARRIDO/MOPA;;;;;;;
1;0;1;3038;SKHG90;CONDELL;;;;;;;;;;;;;;;;;;;;BARRIDO/MOPA;;;;;BARRIDO/MOPA;BARRIDO/MOPA;;;BARRIDO/MOPA;BARRIDO/MOPA;BARRIDO/MOPA;FULL;;;;;
0;0;0;3039;SKHG92;CONDELL;;;;;;;;;;;;;;;;;;;BARRIDO/MOPA;;;;EXTERNO/EXPRESS;BARRIDO;;;;EXTERNO/EXPRESS;;;BARRIDO/MOPA;BARRIDO/MOPA;;;;;
1;0;1;3040;SKHG93;CONDELL;;;;;;;;;;;;;;;;;;;FULL;;;;;;;BARRIDO/MOPA;;EXTERNO/EXPRESS;BARRIDO/MOPA;;;;;;;;
0;0;0;3041;SKHG95;CONDELL;;;;;;;;;;;;;;;;;;;;;;;;BARRIDO/MOPA;BARRIDO/MOPA;;;;;BARRIDO/MOPA;BARRIDO/MOPA;;;;;;
0;0;0;3042;SPZX34;CONDELL;;;;;;;;;;;;;;;;;;;BARRIDO/MOPA;;;;BARRIDO/MOPA;;BARRIDO/MOPA;;;;BARRIDO/MOPA;BARRIDO/MOPA;;BARRIDO/MOPA;;;;;
0;0;0;3043;SPZX36;CONDELL;;;;;;;;;;;;;;;;;;;;;BARRIDO/MOPA;;BARRIDO/MOPA;BARRIDO;;;;;EXTERNO/EXPRESS;BARRIDO/MOPA;;;;;;;
2;0;2;3044;SPZX39;CONDELL;;;;;;;;;;;;;;;;;FULL;;;;;BARRIDO/MOPA;FULL;BARRIDO;BARRIDO/MOPA;;;;;;;;;;;;
0;0;0;3045;SPZX41;CONDELL;;;;;;;;;;;;;;;;;;;;;;;;;;;BARRIDO/MOPA;;BARRIDO/MOPA;;BARRIDO/MOPA;;;;;;
1;1;0;3046;SPZX42;CONDELL;;;FULL;;;;;;;;;;;;;;;;;;;;;BARRIDO;BARRIDO/MOPA;;;;BARRIDO/MOPA;;BARRIDO/MOPA;;;;;;
0;0;0;3047;SPZX46;CONDELL;;;;;;;;;;;;;;;;;;;;;BARRIDO/MOPA;;BARRIDO/MOPA;;;BARRIDO/MOPA;;EXTERNO/EXPRESS;;BARRIDO/MOPA;;;;;;;
1;0;1;3048;SPZX51;CONDELL;;;;;;;;;;;;;;;;;;;BARRIDO/MOPA;;;BARRIDO/MOPA;EXTERNO/EXPRESS;FULL;BARRIDO/MOPA;BARRIDO/MOPA;;;;;BARRIDO/MOPA;;;;;;
0;0;0;3049;SPZX55;CONDELL;;;;;;;;;;;;;;;;;;;;;;;BARRIDO/MOPA;;BARRIDO/MOPA;BARRIDO/MOPA;BARRIDO/MOPA;EXTERNO/EXPRESS;;;BARRIDO/MOPA;BARRIDO/MOPA;;;;;
2;1;1;3050;SPZX56;CONDELL;;;FULL;;;;;;;;;;;;;;;FULL;;;;;;;;BARRIDO/MOPA;;;BARRIDO/MOPA;;;;;;;;
1;0;1;3051;SPZX58;CONDELL;;;;;;;;;;;;;;;;;;FULL;;BARRIDO/MOPA;;;BARRIDO/MOPA;;;;;;;;;BARRIDO/MOPA;;;;;
2;1;1;3059;STHB50;CONDELL;;;;;;;;;FULL;;;;;;;;;;FULL;BARRIDO/MOPA;;;;;;;;;BARRIDO/MOPA;BARRIDO/MOPA;BARRIDO/MOPA;;;;;;
1;1;0;3065;STHD21;CONDELL;;;FULL;;;;;;;;;;;;;;;;;BARRIDO/MOPA;;;;;;BARRIDO/MOPA;BARRIDO/MOPA;EXTERNO/EXPRESS;BARRIDO/MOPA;;;;;;;;
0;0;0;3066;STHD35;CONDELL;;;;;;;;;;;;;;;;;;;;;BARRIDO/MOPA;;BARRIDO/MOPA;;;;;EXTERNO/EXPRESS;;BARRIDO/MOPA;;;;;;;
1;0;1;3067;STHD47;CONDELL;;;;;;;;;;;;;;;;;;FULL;;BARRIDO/MOPA;;BARRIDO/MOPA;;;;;BARRIDO/MOPA;EXTERNO/EXPRESS;BARRIDO/MOPA;;BARRIDO/MOPA;BARRIDO/MOPA;;;;;
1;1;0;3068;STHD54;CONDELL;;;;;;;;;FULL;;;;;;;;;;;;;;;BARRIDO/MOPA;;;;EXTERNO/EXPRESS;BARRIDO/MOPA;BARRIDO/MOPA;BARRIDO/MOPA;;;;;;
0;0;0;3069;STHD65;CONDELL;;;;;;;;;;;;;;;;;;;;;BARRIDO/MOPA;;;;;BARRIDO/MOPA;;EXTERNO/EXPRESS;EXTERNO/EXPRESS;;BARRIDO/MOPA;BARRIDO/MOPA;;;;;
1;1;0;3070;STHD72;CONDELL;;;;;;;;FULL;;;;;;;;;;;;;;BARRIDO/MOPA;;;;;;EXTERNO/EXPRESS;BARRIDO/MOPA;BARRIDO/MOPA;;;;;;;
3;1;2;3071;STHF13;CONDELL;;;FULL;;;;;;;;;;;;;;FULL;;;;;;;;FULL;;;EXTERNO/EXPRESS;;;;;;;;;
0;0;0;3072;STHF15;CONDELL;;;;;;;;;;;;;;;;;BARRIDO/MOPA;;;;;;;BARRIDO/MOPA;;;;;;;;;;;;;
1;0;1;3074;STHF35;CONDELL;;;;;;;;;;;;;;;;;;FULL;;;BARRIDO/MOPA;;EXTERNO/EXPRESS;;;BARRIDO/MOPA;;;;BARRIDO/MOPA;;;;;;;
0;0;0;3075;STHF42;CONDELL;;;;;;;;;;;;;;;;;;;;;;BARRIDO/MOPA;BARRIDO/MOPA;;;;;;BARRIDO/MOPA;;;BARRIDO/MOPA;;;;;
1;0;1;3076;STHF45;CONDELL;;;;;;;;;;;;;;;;;;;;;BARRIDO/MOPA;;;;;;;;EXTERNO/EXPRESS;FULL;;;;;;;
1;1;0;3077;STHF49;CONDELL;;;;;;;;;FULL;;;;;;;;BARRIDO/MOPA;;;;;BARRIDO/MOPA;EXTERNO/EXPRESS;;BARRIDO/MOPA;;;;BARRIDO/MOPA;BARRIDO/MOPA;BARRIDO/MOPA;;;;;;
1;1;0;3079;STHF62;CONDELL;;;FULL;;;;;;;;;;;;;;;;;;;;BARRIDO/MOPA;BARRIDO/MOPA;BARRIDO/MOPA;;;;;BARRIDO/MOPA;;BARRIDO/MOPA;;;;;
0;0;0;3081;STHF76;CONDELL;;;;;;;;;;;;;;;;;;;;;;BARRIDO/MOPA;BARRIDO/MOPA;;BARRIDO/MOPA;BARRIDO/MOPA;;;;;;;;;;;
0;0;0;4000;LDJX67;CONDELL;;;;;;;;;;;;;;;;;;;BARRIDO/MOPA;;;;EXTERNO/EXPRESS;;;BARRIDO/MOPA;EXTERNO/EXPRESS;;BARRIDO/MOPA;;;;;;;;
0;0;0;4001;LDSW88;CONDELL;;;;;;;;;;;;;;;;;;BARRIDO/MOPA;;;;BARRIDO/MOPA;EXTERNO/EXPRESS;;;BARRIDO/MOPA;EXTERNO/EXPRESS;;BARRIDO/MOPA;;BARRIDO/MOPA;;;;;;
1;0;1;4002;LDSX94;CONDELL;;;;;;;;;;;;;;;;;;;BARRIDO/MOPA;BARRIDO/MOPA;;FULL;;;;BARRIDO/MOPA;;;;;BARRIDO/MOPA;;;;;;
0;0;0;4003;LDSX95;CONDELL;;;;;;;;;;;;;;;;;;;BARRIDO/MOPA;;;;EXTERNO/EXPRESS;;;;EXTERNO/EXPRESS;;BARRIDO/MOPA;;BARRIDO/MOPA;;;;;;
0;0;0;4004;LDSX96;CONDELL;;;;;;;;;;;;;;;;;;BARRIDO/MOPA;;;;;EXTERNO/EXPRESS;;BARRIDO/MOPA;;;;EXTERNO/EXPRESS;;;;;;;;
0;0;0;4005;LDTG63;CONDELL;;;;;;;;;;;;;;;;;;BARRIDO/MOPA;BARRIDO/MOPA;;;BARRIDO/MOPA;;BARRIDO/MOPA;BARRIDO/MOPA;;EXTERNO/EXPRESS;;;;;;;;;;
0;0;0;4006;LDTG64;CONDELL;;;;;;;;;;;;;;;;;;BARRIDO/MOPA;BARRIDO/MOPA;;;BARRIDO/MOPA;EXTERNO/EXPRESS;BARRIDO/MOPA;;;;;BARRIDO/MOPA;;BARRIDO/MOPA;;;;;;
0;0;0;4007;LDTG65;CONDELL;;;;;;;;;;;;;;;;;;;;;;;;;;;;;;;;;;;;;
1;0;1;4008;LDTG66;CONDELL;;;;;;;;;;;;;;;;;;BARRIDO/MOPA;;;;;EXTERNO/EXPRESS;BARRIDO/MOPA;;;;EXTERNO/EXPRESS;EXTERNO/EXPRESS;FULL;BARRIDO/MOPA;;;;;;
0;0;0;4009;LDTG67;CONDELL;;;;;;;;;;;;;;;;;;BARRIDO/MOPA;;;;BARRIDO/MOPA;EXTERNO/EXPRESS;;BARRIDO/MOPA;;;;;;;;;;;;
0;0;0;4010;LFGJ89;CONDELL;;;;;;;;;;;;;;;;;;BARRIDO/MOPA;BARRIDO/MOPA;;;BARRIDO/MOPA;EXTERNO/EXPRESS;BARRIDO/MOPA;;;;;BARRIDO/MOPA;;BARRIDO/MOPA;BARRIDO/MOPA;;;;;
0;0;0;4011;LFGJ90;CONDELL;;;;;;;;;;;;;;;;;;BARRIDO/MOPA;;;;;;BARRIDO/MOPA;;BARRIDO/MOPA;;;BARRIDO/MOPA;;;;;;;;
0;0;0;4012;LFGJ91;CONDELL;;;;;;;;;;;;;;;;;;;;;;BARRIDO/MOPA;EXTERNO/EXPRESS;;BARRIDO/MOPA;;EXTERNO/EXPRESS;;;;;;;;;;
0;0;0;4013;LFGJ92;CONDELL;;;;;;;;;;;;;;;;;;;;;;;;BARRIDO/MOPA;;;;;BARRIDO/MOPA;;;;;;;;
0;0;0;4014;LFGJ93;CONDELL;;;;;;;;;;;;;;;;;;;;;;;;;;;;;;;;;;;;;
0;0;0;4015;LFGJ94;CONDELL;;;;;;;;;;;;;;;;;;;;;;;;;;;;;;;;;;;;;
1;0;1;4016;LFGJ95;CONDELL;;;;;;;;;;;;;;;;;;;BARRIDO/MOPA;;;FULL;;BARRIDO/MOPA;;;;;BARRIDO/MOPA;;;;;;;;
1;0;1;4018;LFGJ97;CONDELL;;;;;;;;;;;;;;;;;;;BARRIDO/MOPA;;;BARRIDO/MOPA;;;BARRIDO/MOPA;BARRIDO/MOPA;EXTERNO/EXPRESS;;;;;FULL;;;;;
0;0;0;4019;LFGW21;CONDELL;;;;;;;;;;;;;;;;;;;;;;BARRIDO/MOPA;EXTERNO/EXPRESS;;;;;;;;BARRIDO/MOPA;;;;;;
0;0;0;4020;LFGW22;CONDELL;;;;;;;;;;;;;;;;;;BARRIDO/MOPA;BARRIDO/MOPA;;;;EXTERNO/EXPRESS;;;;;;EXTERNO/EXPRESS;BARRIDO/MOPA;;;;;;;
0;0;0;4021;LFGW31;CONDELL;;;;;;;;;;;;;;;;;;;;;;;;BARRIDO/MOPA;;;;;EXTERNO/EXPRESS;BARRIDO/MOPA;;BARRIDO/MOPA;;;;;
0;0;0;4022;LFGW32;CONDELL;;;;;;;;;;;;;;;;;;;BARRIDO/MOPA;;;;;BARRIDO/MOPA;;;EXTERNO/EXPRESS;;EXTERNO/EXPRESS;;BARRIDO/MOPA;BARRIDO/MOPA;;;;;
0;0;0;4023;LFGW33;CONDELL;;;;;;;;;;;;;;;;;;;;;;;;;;;;;;;;;;;;;
0;0;0;4024;LFGW34;CONDELL;;;;;;;;;;;;;;;;;;;;;;;;;;;;;;;;;;;;;
0;0;0;4031;SHXF25;CONDELL;;;;;;;;;;;;;;;;;;BARRIDO/MOPA;BARRIDO/MOPA;;;;EXTERNO/EXPRESS;;BARRIDO/MOPA;;;;EXTERNO/EXPRESS;;;BARRIDO/MOPA;;;;;
0;0;0;4041;SHXG87;CONDELL;;;;;;;;;;;;;;;;;;;;;;;;;BARRIDO/MOPA;;;;;;;;;;;;
2;0;2;4042;SJPC35;CONDELL;;;;;;;;;;;;;;;;;;;FULL;;;;FULL;;BARRIDO/MOPA;;EXTERNO/EXPRESS;;BARRIDO/MOPA;BARRIDO/MOPA;;;;;;;
0;0;0;4051;SJPC50;CONDELL;;;;;;;;;;;;;;;;;;;;;;;EXTERNO/EXPRESS;;;;;EXTERNO/EXPRESS;BARRIDO/MOPA;;BARRIDO/MOPA;BARRIDO/MOPA;;;;;
0;0;0;4056;SJPD73;CONDELL;;;;;;;;;;;;;;;;;;;;;;;EXTERNO/EXPRESS;BARRIDO/MOPA;;;;;EXTERNO/EXPRESS;;BARRIDO/MOPA;;;;;;
0;0;0;4066;SJPF88;CONDELL;;;;;;;;;;;;;;;;;;;;;;;;BARRIDO/MOPA;;;;;;BARRIDO/MOPA;;;;;;;
1;0;1;4068;SJPF86;CONDELL;;;;;;;;;;;;;;;;;FULL;BARRIDO/MOPA;;;;;EXTERNO/EXPRESS;;BARRIDO/MOPA;;EXTERNO/EXPRESS;EXTERNO/EXPRESS;;;BARRIDO/MOPA;BARRIDO/MOPA;;;;;
4;0;4;5001;SHCX61;A. LUCO;;;;;;;;;;;;;;;;FULL;;FULL;;;;;;;;;;;FULL;FULL;;;;;;;
2;1;1;5002;SHCX44;A. LUCO;FULL;;;;;;;;;;;;;;;;BARRIDO/MOPA;BARRIDO/MOPA;FULL;;;;;;;;;BARRIDO;;;;;;;;;
4;1;3;5003;SHCY41;A. LUCO;;FULL;;;;;;;;;;;;;;;;BARRIDO/MOPA;;;;FULL;;;;FULL;;BARRIDO;;BARRIDO;FULL;;;;;;
2;0;2;5004;SHCY56;A. LUCO;;;;;;;;;;;;;;;;;FULL;;;;;;;;FULL;;;BARRIDO;;;;;;;;;
1;0;1;5005;SHXF37;A. LUCO;;;;;;;;;;;;;;;FULL;;;;;;;;;;;;;;;;;;;;;;
3;2;1;5023;TPWW72;A. LUCO;FULL;;;FULL;;;;;;;;;;;;;;;;FULL;;;;;;;;;;;;;;;;;
5;3;2;6000;FLXR78;A. LUCO;FULL;FULL;;;;;;FULL;;;;;;;BARRIDO/MOPA;;;;FULL;BARRIDO/MOPA;;FULL;;;;;;BARRIDO;;;;BARRIDO;;;;;
1;1;0;6001;FLXR79;A. LUCO;FULL;;;;;;;;;;;;;;;;;;;;;;;;;;;;;;;;;;;;
4;0;4;6002;FLXR80;A. LUCO;;;;;;;;;;;;;;;FULL;;;FULL;BARRIDO/MOPA;;;;;;BARRIDO/MOPA;;FULL;BARRIDO;;FULL;;;;;;;
5;3;2;6003;FLXR81;A. LUCO;FULL;;;FULL;FULL;;;;;;;;;;;;;BARRIDO/MOPA;;;;;BARRIDO/MOPA;FULL;;;;;FULL;;;;;;;;
7;2;5;6004;FLXR82;A. LUCO;;FULL;;;;;;FULL;;;;;;;;FULL;FULL;;FULL;;;;;;;;;BARRIDO;FULL;;;BARRIDO/MOPA;FULL;;;;
2;1;1;6005;FLXR83;A. LUCO;FULL;;;;;;;;;;;;;;;;;BARRIDO/MOPA;;BARRIDO/MOPA;;;;;BARRIDO/MOPA;;;BARRIDO;FULL;;;;;;;;
2;0;2;6006;FLXR84;A. LUCO;;;;;;;;;;;;;;;;;;;BARRIDO/MOPA;;;;FULL;BARRIDO;;;;BARRIDO;;;;;FULL;;;;
2;2;0;6007;FLXR85;A. LUCO;;;;FULL;FULL;;;;;;;;;;;;;;;;;;;;;;;;;;;;;;;;
5;2;3;6008;FLXR86;A. LUCO;;FULL;;;;;;FULL;;;;;;;BARRIDO/MOPA;FULL;;;BARRIDO/MOPA;;;;BARRIDO/MOPA;;FULL;;;BARRIDO;;;FULL;;;;;;
5;2;3;6009;FLXR87;A. LUCO;FULL;;;FULL;;;;;;;;;;;;;;;;;;;FULL;;FULL;;;BARRIDO;;;FULL;;;;;;
3;3;0;6010;FLXR88;A. LUCO;;FULL;;;;;;FULL;;;FULL;;;;;;;;;;;;;;;;;;;;;;;;;;
6;1;5;6011;FLXR89;A. LUCO;;;;;FULL;;;;;;;FULL;;;;FULL;;BARRIDO/MOPA;;BARRIDO/MOPA;;FULL;;;;FULL;;BARRIDO;BARRIDO;;FULL;;;;;;
4;1;3;6012;FLXR90;A. LUCO;FULL;;;;;;;;;;;;;;;FULL;;BARRIDO/MOPA;;;;;;BARRIDO/MOPA;FULL;;;BARRIDO;;;;FULL;;;;;
6;3;3;6013;FLXR91;A. LUCO;FULL;;;FULL;FULL;;;;;;;;;;;FULL;;BARRIDO/MOPA;;;;;;FULL;;;;;;;;FULL;;;;;
7;3;4;6014;FLXR92;A. LUCO;;FULL;;;;;;FULL;;;FULL;;;;;FULL;;BARRIDO/MOPA;;;;FULL;;;FULL;FULL;;BARRIDO;BARRIDO/MOPA;;;;;;;;
5;1;4;6015;FLXR93;A. LUCO;;;;;;;;;;FULL;;FULL;;;;;;BARRIDO/MOPA;;;;;FULL;;;;;BARRIDO/MOPA;;FULL;FULL;;;;;;
3;1;2;6016;FLXR73;A. LUCO;;;;FULL;;;;;;;;;;;;;BARRIDO/MOPA;;;BARRIDO/MOPA;;FULL;;;;;;BARRIDO;BARRIDO;FULL;;;;;;;
8;5;3;6017;FLXR74;A. LUCO;FULL;FULL;;FULL;FULL;;;FULL;;;;;;;;;;;FULL;;;;BARRIDO/MOPA;;;;;;FULL;;;FULL;BARRIDO;;;;
5;3;2;6018;FLXR75;A. LUCO;;FULL;;;;;;FULL;;;FULL;;;;;FULL;;;;;;;;FULL;;;;BARRIDO;BARRIDO;;;;;;;;
4;0;4;6019;FLXR76;A. LUCO;;;;;;;;;;;;FULL;;;;;;;;;;;FULL;FULL;;;;BARRIDO;;;;;FULL;;;;
4;2;2;6093;SHCW61;A. LUCO;FULL;;;;FULL;;;;;;;;;;;FULL;;;;;;;;FULL;;;;;;;;;;;;;
3;2;1;6096;SHCW64;A. LUCO;;;;FULL;FULL;;;;;;;;;;;;;;;;;;;;;FULL;;BARRIDO;;;;;;;;;
5;3;2;6101;SHCW71;A. LUCO;;FULL;;;;;;FULL;;;FULL;;;;FULL;;BARRIDO/MOPA;;;;;FULL;;;;;;BARRIDO;;;;;;;;;
4;1;3;6104;SHCW75;A. LUCO;;;FULL;;;;;;;;;FULL;;;;;;;;;;;;FULL;;;;BARRIDO;;;FULL;;;;;;
1;1;0;6105;SHCW76;A. LUCO;;;;FULL;;;;;;;;;;;;;;;;;;;;;;;;BARRIDO;;;;;;;;;
6;4;2;6106;SHCW77;A. LUCO;;FULL;;;FULL;;;FULL;;;FULL;;;;;;;;;;;FULL;FULL;;;;;BARRIDO;;;;;;;;;
4;2;2;6108;SHCW79;A. LUCO;FULL;;;;;;;;;;FULL;FULL;;;;;;;;;;;;FULL;;;;BARRIDO;;;;;;;;;
4;1;3;6111;SHCX26;A. LUCO;;;FULL;;;;;;;;;FULL;;;;FULL;;;;;;FULL;BARRIDO/MOPA;;;;;;;;;;;;;;
6;1;5;6112;SHCX27;A. LUCO;;;;;FULL;;;;;;;;;;FULL;;;BARRIDO/MOPA;;;;;BARRIDO/MOPA;FULL;;;FULL;BARRIDO;FULL;;;FULL;;;;;
4;0;4;6114;SHCX29;A. LUCO;;;;;;;;;;;;;;;;;;BARRIDO/MOPA;FULL;;;;FULL;;;FULL;;BARRIDO;;FULL;;;;;;;
6;2;4;6115;SHCX30;A. LUCO;;;;FULL;;;;;;;FULL;;;;FULL;;;BARRIDO/MOPA;FULL;;;;;;;FULL;;BARRIDO;;;;FULL;;;;;
6;3;3;6116;SHCX31;A. LUCO;;FULL;FULL;;;;;FULL;;;;FULL;;;;;;;;;;;FULL;;;;;BARRIDO;;;;FULL;;;;;
3;0;3;6119;SHCX34;A. LUCO;;;;;;;;;;;;;;;;;;;;FULL;;;;;FULL;;FULL;BARRIDO;;;;;;;;;
3;1;2;6120;SHCX35;A. LUCO;;;FULL;;;;;;;;;;;;FULL;;;;;;;;;FULL;;;;;;;;;;;;;
3;1;2;6122;SHXD87;A. LUCO;;;;;FULL;;;;;;;;;;FULL;;;;;;;;;;FULL;;;;;;;;;;;;
3;0;3;6124;SHXD90;A. LUCO;;;;;;;;;;;;;;;;;FULL;;;;;FULL;;;;;;BARRIDO;FULL;;;;;;;;
3;0;3;6125;SHXD91;A. LUCO;;;;;;;;;;;;;;;;;FULL;;;FULL;;;;;FULL;;;BARRIDO;;;;;;;;;
2;1;1;6127;SHXD93;A. LUCO;;;FULL;;;;;;;;;;;;;;;BARRIDO/MOPA;;;;;;;;FULL;;BARRIDO;;;;;;;;;
3;0;3;6128;SHXD94;A. LUCO;;;;;;;;;;;;;;;;;;;;;;FULL;;;;;;BARRIDO;;;FULL;FULL;BARRIDO/MOPA;;;;
4;0;4;6129;SHXD95;A. LUCO;;;;;;;;;;;;;;;;;FULL;;;FULL;;;;;;FULL;;;;;;;FULL;;;;
4;1;3;6130;SHXF21;A. LUCO;;;FULL;;;;;;;;;;;;FULL;;;FULL;;;;;;;;;;BARRIDO;;FULL;;;;;;;
2;1;1;6131;SHXF42;A. LUCO;;;FULL;;;;;;;;;;;;;;FULL;;;;;;;;;;;BARRIDO;;;;;;;;;
3;0;3;6132;SHXF43;A. LUCO;;;;;;;;;;;;;;;;;;;FULL;;;;;;FULL;;FULL;BARRIDO;;;;;;;;;
3;0;3;6133;SHXF44;A. LUCO;;;;;;;;;;;;;;;FULL;;;BARRIDO/MOPA;;;;;;;;;;FULL;;;;;FULL;;;;
3;0;3;6134;SHXG18;A. LUCO;;;;;;;;;;;;;;;;;;FULL;;FULL;;;;FULL;;;;BARRIDO;;;;;;;;;
2;1;1;6135;SHXG90;A. LUCO;;;FULL;;;;;;;;;;;;;;;;FULL;;;;;;;;;;;;;;;;;;
2;0;2;6136;SHXG91;A. LUCO;;;;;;;;;;;;;;;;;BARRIDO/MOPA;;;;;FULL;;;;;;;FULL;;;;;;;;
1;1;0;6139;SHXG94;A. LUCO;;FULL;;;;;;;;;;;;;;;;;;;;BARRIDO/MOPA;;;;;;;;;;;;;;;
3;1;2;6141;SJPC31;A. LUCO;;;FULL;;;;;;;;;;;;;;BARRIDO/MOPA;;;;;;FULL;;;;;BARRIDO;;;;;FULL;;;;
5;0;5;6142;SJPC33;A. LUCO;;;;;;;;;;;;;;;FULL;;;;;FULL;;;FULL;;;;FULL;BARRIDO;;;;;FULL;;;;
4;0;4;6143;SJPC34;A. LUCO;;;;;;;;;;;;;;;;;;;FULL;FULL;;;;;;;;BARRIDO;;;FULL;FULL;;;;;
4;0;4;6153;SKPP55;A. LUCO;;;;;;;;;;;;;;;FULL;;FULL;;;;;;FULL;;;;;;;;FULL;;;;;;
3;0;3;6155;SHXD86;A. LUCO;;;;;;;;;;;;;;;;;;;;;;;;;FULL;;FULL;BARRIDO;;;FULL;;;;;;
2;0;2;6156;SHXF20;A. LUCO;;;;;;;;;;;;;;;;;;;;;;FULL;;;;;FULL;BARRIDO;;;;;;;;;
3;2;1;6157;SHXF41;A. LUCO;;;FULL;;;;;FULL;;;;;;;;;;;;;;;;FULL;;;;;;;BARRIDO;;;;;;
1;0;1;6160;SKPH71;A. LUCO;;;;;;;;;;;;;;;;;;;;;;;;FULL;;;;;;;;;;;;;
3;0;3;1006;SHCY36;STA MARTA;;;;;;;;;;;;;;;;;;;;BARRIDO/MOPA;;FULL;BARRIDO;;;;;;;BARRIDO;;FULL;BARRIDO/MOPA;;FULL;;
0;0;0;1007;SHCY37;STA MARTA;;;;;;;;;;;;;;;;;;EXTERNO/EXPRESS;BARRIDO/MOPA;BARRIDO/MOPA;;BARRIDO;;BARRIDO/MOPA;BARRIDO;BARRIDO/MOPA;BARRIDO/MOPA;;;;;;;;BARRIDO/MOPA;BARRIDO/MOPA;
0;0;0;1014;SHCY51;STA MARTA;;;;;;;;;;;;;;;;;;EXTERNO/EXPRESS;;;;BARRIDO;BARRIDO;;BARRIDO;;BARRIDO/MOPA;;;BARRIDO;;;;;BARRIDO/MOPA;;
1;0;1;1016;SHCY16;STA MARTA;;;;;;;;;;;;;;;;;;;;BARRIDO/MOPA;;BARRIDO;BARRIDO;;;;;;;;;FULL;;BARRIDO/MOPA;BARRIDO/MOPA;BARRIDO/MOPA;
0;0;0;1017;SHCY35;STA MARTA;;;;;;;;;;;;;;;;;;BARRIDO/MOPA;;;BARRIDO/MOPA;;BARRIDO;BARRIDO;BARRIDO;;BARRIDO/MOPA;;BARRIDO/MOPA;BARRIDO;;;;BARRIDO/MOPA;BARRIDO/MOPA;BARRIDO/MOPA;
1;1;0;1024;SHCX43;STA MARTA;FULL;;;;;;;;;;;;;;;;;;;;;BARRIDO;BARRIDO;;BARRIDO;;BARRIDO/MOPA;;;;;;BARRIDO/MOPA;;BARRIDO/MOPA;;
1;1;0;1025;SHCY59;STA MARTA;FULL;;;;;;;;;;;;;;;;;EXTERNO/EXPRESS;BARRIDO/MOPA;;;;BARRIDO;;;BARRIDO/MOPA;;BARRIDO/MOPA;BARRIDO/MOPA;;;;;;BARRIDO/MOPA;;
1;1;0;1026;SHCX54;STA MARTA;FULL;;;;;;;;;;;;;;;;;;BARRIDO/MOPA;BARRIDO/MOPA;;;;;BARRIDO;;;BARRIDO/MOPA;BARRIDO/MOPA;;;;;BARRIDO/MOPA;BARRIDO/MOPA;BARRIDO/MOPA;
1;1;0;1027;SHCY58;STA MARTA;FULL;;;;;;;;;;;;;;;;;;;;;BARRIDO;BARRIDO;BARRIDO;BARRIDO;;BARRIDO/MOPA;;;;;;BARRIDO/MOPA;;BARRIDO/MOPA;;
1;0;1;1030;SHXF23;STA MARTA;;;;;;;;;;;;;;;;;;;BARRIDO/MOPA;BARRIDO/MOPA;;;FULL;;;;;;BARRIDO/MOPA;;;;BARRIDO/MOPA;;BARRIDO/MOPA;;
2;1;1;1031;SHCY64;STA MARTA;;;FULL;;;;;;;;;;;;;;;;BARRIDO/MOPA;;;BARRIDO;;BARRIDO;BARRIDO;;;BARRIDO/MOPA;;;FULL;;BARRIDO/MOPA;;BARRIDO/MOPA;BARRIDO/MOPA;
1;1;0;1032;SHCY57;STA MARTA;;;;;FULL;;;;;;;;;;;;;;;;;BARRIDO;BARRIDO;BARRIDO/MOPA;BARRIDO;;BARRIDO/MOPA;;;;;;;BARRIDO/MOPA;BARRIDO/MOPA;;
0;0;0;1033;SHXF45;STA MARTA;;;;;;;;;;;;;;;;;;EXTERNO/EXPRESS;BARRIDO/MOPA;;;BARRIDO;BARRIDO;;;BARRIDO/MOPA;BARRIDO/MOPA;;BARRIDO/MOPA;;;;BARRIDO/MOPA;;BARRIDO/MOPA;;
1;1;0;1034;SHXF19;STA MARTA;FULL;;;;;;;;;;;;;;;;;;BARRIDO/MOPA;;BARRIDO/MOPA;BARRIDO;;BARRIDO/MOPA;;;BARRIDO/MOPA;;;BARRIDO;;;;;BARRIDO/MOPA;BARRIDO/MOPA;
1;0;1;1035;SJPB20;STA MARTA;;;;;;;;;;;;;;;;;;EXTERNO/EXPRESS;;BARRIDO/MOPA;;BARRIDO;BARRIDO;FULL;;BARRIDO/MOPA;;;;;;;;;BARRIDO/MOPA;BARRIDO/MOPA;
2;0;2;1036;SJPC30;STA MARTA;;;;;;;;;;;;;;;;;;;BARRIDO/MOPA;;;;FULL;FULL;;;;;;;;;BARRIDO/MOPA;;BARRIDO/MOPA;;
5;2;3;2000;FLXS43;STA MARTA;;;;;FULL;;;;;;FULL;;;;;;;;FULL;FULL;;BARRIDO;BARRIDO;BARRIDO;FULL;;;BARRIDO;;BARRIDO;;;;;BARRIDO/MOPA;BARRIDO/MOPA;
6;3;3;2001;FLXS44;STA MARTA;FULL;;FULL;;;;;;;;FULL;;;;;;;EXTERNO/EXPRESS;;;BARRIDO/MOPA;FULL;;;;BARRIDO/MOPA;FULL;;;;;FULL;;;BARRIDO/MOPA;;
2;1;1;2002;FLXS45;STA MARTA;FULL;;;;;;;;;;;;;;;;;;EXTERNO/EXPRESS;;;;;;;;FULL;;;;;;;;BARRIDO/MOPA;;
3;2;1;2003;FLXS46;STA MARTA;FULL;FULL;;;;;;;;;;;;;;;;BARRIDO/MOPA;BARRIDO;;FULL;BARRIDO/MOPA;;;;;;;;;;;;;BARRIDO/MOPA;;
2;0;2;2004;FLXS47;STA MARTA;;;;;;;;;;;;;;;;;;;;;FULL;;;;;;;;FULL;;;;;;BARRIDO/MOPA;;
1;0;1;2005;FLXS48;STA MARTA;;;;;;;;;;;;;;;;;;;;;;BARRIDO;BARRIDO;BARRIDO;;;FULL;;BARRIDO/MOPA;;BARRIDO/MOPA;;;;BARRIDO/MOPA;;
1;0;1;2006;FLXS49;STA MARTA;;;;;;;;;;;;;;;;;;;;;FULL;;BARRIDO;;;;;;;;;;;;BARRIDO/MOPA;;
2;0;2;2007;FLXS50;STA MARTA;;;;;;;;;;;;;;;;;;FULL;BARRIDO;;;;;;;BARRIDO/MOPA;FULL;;BARRIDO/MOPA;;;;;;BARRIDO/MOPA;;
1;0;1;2008;FLXS51;STA MARTA;;;;;;;;;;;;;;;;;;;BARRIDO/MOPA;BARRIDO/MOPA;;;;;BARRIDO;;FULL;;;;;;;;BARRIDO/MOPA;;
2;1;1;2009;FLXS52;STA MARTA;;FULL;;;;;;;;;;;;;;;;;;BARRIDO/MOPA;;BARRIDO;BARRIDO;;;;FULL;;;;;;;;BARRIDO/MOPA;;
1;0;1;2010;FLXS53;STA MARTA;;;;;;;;;;;;;;;;;;EXTERNO/EXPRESS;;;;;;;;;FULL;BARRIDO;;BARRIDO;;;;;;BARRIDO/MOPA;
2;0;2;2011;FLXS54;STA MARTA;;;;;;;;;;;;;;;;;;;FULL;;FULL;BARRIDO;;;;;;;;BARRIDO;;;;;BARRIDO/MOPA;;
1;0;1;2012;FLXS55;STA MARTA;;;;;;;;;;;;;;;;;;;;FULL;;;;;;;;BARRIDO;;;;;;;BARRIDO/MOPA;;
1;0;1;2013;FLXS56;STA MARTA;;;;;;;;;;;;;;;;;;;;;;;;;;;FULL;BARRIDO;;;;;;;;;
2;0;2;2014;FLXS57;STA MARTA;;;;;;;;;;;;;;;;;;;BARRIDO;;;;;;FULL;;;FULL;;;;;;;BARRIDO/MOPA;;
1;0;1;2015;FLXS58;STA MARTA;;;;;;;;;;;;;;;;;;;;;;;BARRIDO;;BARRIDO/MOPA;;;;;;;;BARRIDO/MOPA;;FULL;;
2;0;2;2016;FLXS59;STA MARTA;;;;;;;;;;;;;;;;;;;EXTERNO/EXPRESS;;;;;;FULL;;;FULL;;;;;;;BARRIDO/MOPA;;
0;0;0;2017;FLXS60;STA MARTA;;;;;;;;;;;;;;;;;;;;;;;;;;;;;;;;;;;;;
1;0;1;2018;FLXS61;STA MARTA;;;;;;;;;;;;;;;;;;;BARRIDO/MOPA;;;;;;;;;FULL;;;;;;;;;
0;0;0;2019;FLXS62;STA MARTA;;;;;;;;;;;;;;;;;;;;;;;;;;;;;;;;;;;;;
2;0;2;2020;FLXS63;STA MARTA;;;;;;;;;;;;;;;;;;EXTERNO/EXPRESS;;FULL;;;BARRIDO;;;;;;;FULL;BARRIDO/MOPA;;;;BARRIDO/MOPA;;
2;1;1;2021;FLXP83;STA MARTA;;;FULL;;;;;;;;;;;;;;;;;;FULL;BARRIDO;;;;BARRIDO/MOPA;;;;;;;;;;;
1;0;1;2022;FLXP84;STA MARTA;;;;;;;;;;;;;;;;;;;;FULL;;BARRIDO;;;;;;BARRIDO;;;;;;;BARRIDO/MOPA;;
3;1;2;2023;FLXP85;STA MARTA;;;;;;;;FULL;;;;;;;;;;;;BARRIDO/MOPA;FULL;FULL;;;;;;BARRIDO;;;;;BARRIDO/MOPA;;BARRIDO/MOPA;;
1;0;1;2024;FLXP86;STA MARTA;;;;;;;;;;;;;;;;;;;BARRIDO/MOPA;;;;;BARRIDO;;;;FULL;;;;;;;BARRIDO/MOPA;;
2;1;1;2025;FLXP87;STA MARTA;;;;;FULL;;;;;;;;;;;;;;BARRIDO/MOPA;FULL;;;;;;;;;;;;;;;;;
1;0;1;2026;FLXP66;STA MARTA;;;;;;;;;;;;;;;;;;;EXTERNO/EXPRESS;;FULL;;;;;;BARRIDO/MOPA;;;;;;;;;;
0;0;0;2027;FLXP67;STA MARTA;;;;;;;;;;;;;;;;;;;;;;;;;;;;;;;;;;;;;
1;0;1;2028;FLXP68;STA MARTA;;;;;;;;;;;;;;;;;;;;;FULL;;;;;;;;;BARRIDO;;;;;BARRIDO/MOPA;;
2;0;2;2029;FLXP69;STA MARTA;;;;;;;;;;;;;;;;;;FULL;;;;;;;;BARRIDO/MOPA;;;;;;;;;FULL;;
2;0;2;2030;FLXP70;STA MARTA;;;;;;;;;;;;;;;;;;;BARRIDO/MOPA;FULL;;BARRIDO;;;;;;FULL;;BARRIDO/MOPA;;;;;BARRIDO/MOPA;;
1;0;1;2031;FLXP71;STA MARTA;;;;;;;;;;;;;;;;;;;;FULL;;;;;;;;;;;;;;;BARRIDO/MOPA;;
2;1;1;2032;FLXP72;STA MARTA;;;;FULL;;;;;;;;;;;;;;;EXTERNO/EXPRESS;;;;;;;;;FULL;BARRIDO/MOPA;;;;BARRIDO/MOPA;;BARRIDO/MOPA;;
1;0;1;2033;FLXP73;STA MARTA;;;;;;;;;;;;;;;;;;EXTERNO/EXPRESS;EXTERNO/EXPRESS;;;;;;;;;FULL;;;;;;;;;
2;1;1;2034;FLXP75;STA MARTA;;;;;;;;;FULL;;;;;;;;;;;;;;;;;;;;;;;;;;FULL;;
0;0;0;2035;FLXP76;STA MARTA;;;;;;;;;;;;;;;;;;;;;;;;;;;;;;;;;;;;;
2;1;1;2036;FLXP77;STA MARTA;;;;;;;;;FULL;;;;;;;;;;;FULL;;BARRIDO;;;;;;;;;;;;;BARRIDO/MOPA;;
1;0;1;2037;FLXP78;STA MARTA;;;;;;;;;;;;;;;;;;EXTERNO/EXPRESS;;FULL;;;;;;;;;;;;;BARRIDO/MOPA;;BARRIDO/MOPA;;
4;2;2;2038;FLXP79;STA MARTA;;;;;;;;;;FULL;FULL;;;;;;;;barrido;;;;;;FULL;;;;BARRIDO/MOPA;;;;;;FULL;;
3;2;1;2039;FLXP80;STA MARTA;;;;;;;;;FULL;;FULL;;;;;;;;;;;BARRIDO;;;;;;FULL;;;;;;;BARRIDO/MOPA;;
2;1;1;2040;FLXP81;STA MARTA;;;;;;;;;;;FULL;;;;;;;;;;;;;;;;;;;BARRIDO;;;;;FULL;;
1;1;0;2041;FLXP82;STA MARTA;;;;;;;;;;;FULL;;;;;;;;;;;;;;;;;;;;;;;;;;
0;0;0;2057;LXDH99;STA MARTA;;;;;;;;;;;;;;;;;;;;;;;;;;;;;;;;;;;;;
2;1;1;2060;LXDJ12;STA MARTA;;;;;FULL;;;;;;;;;;;;;;;;BARRIDO/MOPA;FULL;;;;;BARRIDO/MOPA;;;;;;;;BARRIDO/MOPA;;
1;0;1;2061;LXDJ13;STA MARTA;;;;;;;;;;;;;;;;;;;;;;;;FULL;BARRIDO/MOPA;BARRIDO/MOPA;;;;;;;;;BARRIDO/MOPA;;
1;1;0;2062;LXDJ14;STA MARTA;;;;;;;;;;FULL;;;;;;;;;;;;;;;BARRIDO;;;;;;;;;;;;
1;1;0;2063;LXDJ15;STA MARTA;;;FULL;;;;;;;;;;;;;;;;BARRIDO/MOPA;;;BARRIDO;;;;;BARRIDO/MOPA;;;;;;;;BARRIDO/MOPA;;
1;0;1;2067;LXDJ19;STA MARTA;;;;;;;;;;;;;;;;;;FULL;;;BARRIDO/MOPA;;BARRIDO/MOPA;;;;BARRIDO/MOPA;;;;;;;;BARRIDO/MOPA;;
0;0;0;2068;LXDJ20;STA MARTA;;;;;;;;;;;;;;;;;;;BARRIDO;;;;;;;BARRIDO/MOPA;BARRIDO/MOPA;;BARRIDO/MOPA;;;;;;BARRIDO/MOPA;;
1;0;1;2097;LDJW34;STA MARTA;;;;;;;;;;;;;;;;BARRIDO;;;BARRIDO;;;;;;BARRIDO;BARRIDO;BARRIDO/MOPA;BARRIDO;;BARRIDO/MOPA;BARRIDO/MOPA;BARRIDO;BARRIDO/MOPA;;FULL;;
3;1;2;2098;LDJW35;STA MARTA;;;FULL;;;;;;;;;;;;;BARRIDO;BARRIDO;;;;;;BARRIDO;BARRIDO;BARRIDO;BARRIDO;BARRIDO/MOPA;;;FULL;BARRIDO/MOPA;;BARRIDO/MOPA;;FULL;;
2;2;0;2099;LDJW36;STA MARTA;;;;;;;;FULL;;FULL;;;;;;BARRIDO;BARRIDO;;;;;BARRIDO/MOPA;;BARRIDO;BARRIDO;BARRIDO;BARRIDO/MOPA;BARRIDO;;BARRIDO;;BARRIDO/MOPA;BARRIDO/MOPA;BARRIDO/MOPA;;;
3;1;2;2100;LDJW37;STA MARTA;;;;;;;;;FULL;;;;;;;BARRIDO;BARRIDO;;BARRIDO;;BARRIDO/MOPA;;;;;;;;;FULL;BARRIDO;;;BARRIDO/MOPA;FULL;;
3;1;2;2101;LDJW38;STA MARTA;;;;;;;;FULL;;;;;;;BARRIDO;;BARRIDO;;BARRIDO;;;;;;BARRIDO;BARRIDO;;;FULL;;BARRIDO/MOPA;BARRIDO/MOPA;BARRIDO/MOPA;;FULL;;
2;2;0;2102;LDJW39;STA MARTA;;;;;;;;;FULL;FULL;;;;;BARRIDO;;BARRIDO;;;;;BARRIDO/MOPA;BARRIDO;BARRIDO;BARRIDO;;BARRIDO;;BARRIDO;;;BARRIDO/MOPA;BARRIDO/MOPA;BARRIDO/MOPA;;;
3;1;2;2103;LDJW40;STA MARTA;;FULL;;;;;;;;;;;;;;;BARRIDO;;BARRIDO;;FULL;;BARRIDO;;BARRIDO/MOPA;BARRIDO;BARRIDO;;BARRIDO;BARRIDO/MOPA;BARRIDO;BARRIDO;BARRIDO/MOPA;BARRIDO/MOPA;FULL;BARRIDO/MOPA;
1;1;0;2104;LDJW41;STA MARTA;;;;;;;;FULL;;;;;;;;;BARRIDO;;BARRIDO;;;BARRIDO/MOPA;;;BARRIDO/MOPA;BARRIDO;;BARRIDO;;BARRIDO;BARRIDO/MOPA;BARRIDO/MOPA;;;;;
3;2;1;2105;LDJW42;STA MARTA;;FULL;;;;;;;FULL;;;;;;;;;;;;;;EXTERNO/EXPRESS;;BARRIDO;;;;;;;;BARRIDO/MOPA;;FULL;BARRIDO/MOPA;
0;0;0;2106;LDJW43;STA MARTA;;;;;;;;;;;;;;;;;BARRIDO;;;;;BARRIDO/MOPA;;;BARRIDO;;;BARRIDO;;BARRIDO/MOPA;EXTERNO/EXPRESS;;;BARRIDO/MOPA;BARRIDO/MOPA;;
3;1;2;2107;LDJW44;STA MARTA;;;;;;;;FULL;;;;;;;;BARRIDO;;;BARRIDO;;BARRIDO/MOPA;;;BARRIDO;BARRIDO;;;BARRIDO;BARRIDO;BARRIDO/MOPA;BARRIDO/MOPA;BARRIDO/MOPA;FULL;;FULL;;
5;3;2;2108;LDJW45;STA MARTA;;FULL;;FULL;;;;;FULL;;;;;;;;;;;;BARRIDO/MOPA;;;BARRIDO;BARRIDO;FULL;;BARRIDO;BARRIDO;BARRIDO/MOPA;BARRIDO/MOPA;;;;FULL;BARRIDO/MOPA;
0;0;0;2109;LDJW46;STA MARTA;;;;;;;;;;;;;;;;BARRIDO;BARRIDO;;BARRIDO;;;;BARRIDO;BARRIDO;BARRIDO/MOPA;BARRIDO;BARRIDO;BARRIDO;BARRIDO;BARRIDO/MOPA;BARRIDO/MOPA;BARRIDO/MOPA;BARRIDO/MOPA;;;;
2;1;1;2110;LDJW47;STA MARTA;;;;FULL;;;;;;;;;;;BARRIDO;BARRIDO;;;BARRIDO;;;;BARRIDO/MOPA;BARRIDO;BARRIDO;;;BARRIDO;;BARRIDO;BARRIDO;BARRIDO/MOPA;BARRIDO/MOPA;;FULL;BARRIDO/MOPA;
3;0;3;2113;LJDL48;STA MARTA;;;;;;;;;;;;;;;BARRIDO;;FULL;;;;;;BARRIDO/MOPA;;BARRIDO;BARRIDO;BARRIDO;;BARRIDO;FULL;BARRIDO/MOPA;BARRIDO/MOPA;BARRIDO/MOPA;;FULL;;
0;0;0;3052;STGZ28;STA MARTA;;;;;;;;;;;;;;;;;BARRIDO/MOPA;;;;;BARRIDO;;;;;;;;;;;BARRIDO/MOPA;;BARRIDO/MOPA;;
0;0;0;3053;STGZ62;STA MARTA;;;;;;;;;;;;;;;;;;;BARRIDO/MOPA;;;;;;BARRIDO;;;;BARRIDO/MOPA;;;;;;BARRIDO/MOPA;;
1;1;0;3054;STGZ85;STA MARTA;;;;;;;;;;FULL;;;;;;;;;BARRIDO/MOPA;;;BARRIDO;BARRIDO;;BARRIDO;;;;BARRIDO/MOPA;;;;;;;;
0;0;0;3055;STHB12;STA MARTA;;;;;;;;;;;;;;;;;;EXTERNO/EXPRESS;BARRIDO/MOPA;BARRIDO/MOPA;;;;BARRIDO;;;BARRIDO/MOPA;;;BARRIDO/MOPA;;;;;BARRIDO/MOPA;;
1;1;0;3056;STHB21;STA MARTA;;;;FULL;;;;;;;;;;;;;;BARRIDO/MOPA;;BARRIDO/MOPA;;;BARRIDO;;;;BARRIDO/MOPA;;;;;;BARRIDO/MOPA;;BARRIDO/MOPA;BARRIDO/MOPA;
1;0;1;3057;STHB29;STA MARTA;;;;;;;;;;;;;;;;;;FULL;;;;;;;;;;;;;;;BARRIDO/MOPA;;BARRIDO/MOPA;;
1;0;1;3058;STHB36;STA MARTA;;;;;;;;;;;;;;;;;;;;;;;BARRIDO/MOPA;BARRIDO/MOPA;BARRIDO/MOPA;;BARRIDO/MOPA;;;FULL;;;BARRIDO/MOPA;;;;
0;0;0;3060;STHB62;STA MARTA;;;;;;;;;;;;;;;;;;;;;;BARRIDO;BARRIDO/MOPA;;;;;;;;;;;;BARRIDO/MOPA;;
2;2;0;3061;STHC45;STA MARTA;;FULL;;;;;;;;FULL;;;;;;;;;BARRIDO/MOPA;;;;;;;;BARRIDO/MOPA;;BARRIDO/MOPA;;;;;BARRIDO/MOPA;BARRIDO/MOPA;;
0;0;0;3062;STHC51;STA MARTA;;;;;;;;;;;;;;;;;;;;;;;BARRIDO;;;;;;;BARRIDO/MOPA;BARRIDO/MOPA;;BARRIDO/MOPA;BARRIDO/MOPA;BARRIDO/MOPA;;
0;0;0;3063;STHC54;STA MARTA;;;;;;;;;;;;;;;;;;;BARRIDO/MOPA;;;BARRIDO;BARRIDO;BARRIDO/MOPA;BARRIDO;;;;BARRIDO/MOPA;;;;BARRIDO/MOPA;;;;
0;0;0;3064;STHC69;STA MARTA;;;;;;;;;;;;;;;;;;BARRIDO/MOPA;;;;BARRIDO;;BARRIDO/MOPA;;;BARRIDO/MOPA;;;;;;BARRIDO/MOPA;;BARRIDO/MOPA;;
2;1;1;3073;STHF31;STA MARTA;;;;;;;;;;FULL;;;;;;;;;FULL;;;;;;;;;;BARRIDO/MOPA;;;;;BARRIDO/MOPA;BARRIDO/MOPA;;
0;0;0;3078;STHF54;STA MARTA;;;;;;;;;;;;;;;;;;;;;;BARRIDO;BARRIDO;BARRIDO/MOPA;;;;;;;;;;;;;
1;1;0;3080;STHF70;STA MARTA;;;;;;;;;;FULL;;;;;;;;EXTERNO/EXPRESS;BARRIDO/MOPA;BARRIDO/MOPA;;BARRIDO;BARRIDO;;;;;;BARRIDO/MOPA;;;;;;BARRIDO/MOPA;;
0;0;0;3082;STHF77;STA MARTA;;;;;;;;;;;;;;;;;;;BARRIDO/MOPA;;;;;BARRIDO/MOPA;BARRIDO;BARRIDO/MOPA;;;BARRIDO/MOPA;;BARRIDO/MOPA;;;;;BARRIDO/MOPA;
1;0;1;3083;STHF78;STA MARTA;;;;;;;;;;;;;;;;;;;;BARRIDO/MOPA;;;;BARRIDO/MOPA;;;BARRIDO/MOPA;;;FULL;;;BARRIDO/MOPA;;;;
0;0;0;3084;STHF82;STA MARTA;;;;;;;;;;;;;;;;;;BARRIDO/MOPA;;;;;;;;;;;;BARRIDO/MOPA;BARRIDO/MOPA;;;;BARRIDO/MOPA;;
2;1;1;3085;STHF84;STA MARTA;;;FULL;;;;;;;;;;;;;;;BARRIDO/MOPA;FULL;;;;;;;;;;;BARRIDO/MOPA;;;;;BARRIDO/MOPA;BARRIDO/MOPA;
0;0;0;3086;STHF88;STA MARTA;;;;;;;;;;;;;;;;;;;BARRIDO/MOPA;;;;;BARRIDO/MOPA;;;;;;;;;;;;;
0;0;0;3087;STHJ61;STA MARTA;;;;;;;;;;;;;;;;;;EXTERNO/EXPRESS;BARRIDO/MOPA;BARRIDO/MOPA;BARRIDO/MOPA;;;;;;BARRIDO/MOPA;;BARRIDO/MOPA;;;;;;BARRIDO/MOPA;;
0;0;0;3088;STHJ68;STA MARTA;;;;;;;;;;;;;;;;;;;BARRIDO/MOPA;;;;;BARRIDO/MOPA;;;BARRIDO/MOPA;;BARRIDO/MOPA;;;;;;;;
0;0;0;3089;STHJ72;STA MARTA;;;;;;;;;;;;;;;;;;;;;;BARRIDO;;;;;;;;BARRIDO/MOPA;;BARRIDO/MOPA;BARRIDO/MOPA;;;;
0;0;0;3090;STHJ74;STA MARTA;;;;;;;;;;;;;;;;;;;;;;;BARRIDO;;;;;;;BARRIDO/MOPA;;;;BARRIDO/MOPA;;;
0;0;0;3091;STHJ81;STA MARTA;;;;;;;;;;;;;;;;;;;;;;;;;;;;;;;;;;;;;
0;0;0;3092;STHJ86;STA MARTA;;;;;;;;;;;;;;;;;;EXTERNO/EXPRESS;BARRIDO/MOPA;BARRIDO/MOPA;;BARRIDO;;BARRIDO;;;;;;;;;;;BARRIDO/MOPA;BARRIDO/MOPA;
1;0;1;3093;STHJ89;STA MARTA;;;;;;;;;;;;;;;;;;BARRIDO/MOPA;BARRIDO/MOPA;;;BARRIDO;;;;;;;FULL;;;;BARRIDO/MOPA;;BARRIDO/MOPA;;
2;1;1;3094;STHJ98;STA MARTA;;;;;FULL;;;;;;;;;;;;;;;;;;;;;FULL;;;BARRIDO/MOPA;;;;BARRIDO/MOPA;;BARRIDO/MOPA;;
0;0;0;3095;STHJ99;STA MARTA;;;;;;;;;;;;;;;;;;;BARRIDO;;BARRIDO/MOPA;;;;;;;;BARRIDO/MOPA;;;;BARRIDO/MOPA;;;;
0;0;0;3096;STHK10;STA MARTA;;;;;;;;;;;;;;;;;;EXTERNO/EXPRESS;;;;BARRIDO;BARRIDO;;;BARRIDO/MOPA;BARRIDO/MOPA;;BARRIDO/MOPA;;;;BARRIDO/MOPA;;BARRIDO/MOPA;;
0;0;0;3097;STHK12;STA MARTA;;;;;;;;;;;;;;;;;;;;;;BARRIDO;;BARRIDO;BARRIDO;;;;;;;;BARRIDO/MOPA;BARRIDO/MOPA;;;
2;0;2;3098;STHK13;STA MARTA;;;;;;;;;;;;FULL;;;;;;EXTERNO/EXPRESS;;;;;;;;;;;FULL;;;;BARRIDO/MOPA;;BARRIDO/MOPA;;
1;0;1;3099;STHK20;STA MARTA;;;;;;;;;;;;FULL;;;;;;EXTERNO/EXPRESS;;;BARRIDO/MOPA;;;;;;;;;BARRIDO/MOPA;;;BARRIDO/MOPA;;BARRIDO/MOPA;;
1;0;1;3100;STHK27;STA MARTA;;;;;;;;;;;;FULL;;;;;;;;;BARRIDO/MOPA;BARRIDO;;;BARRIDO;;;;;;;;BARRIDO/MOPA;;;;
1;0;1;3101;STHK28;STA MARTA;;;;;;;;;;;;FULL;;;;;;;BARRIDO/MOPA;BARRIDO/MOPA;BARRIDO/MOPA;;;BARRIDO;;;;;BARRIDO/MOPA;;;;BARRIDO/MOPA;;;;
1;0;1;3102;STHK36;STA MARTA;;;;;;;;;;;;;;;;;;FULL;;;;;;;;;;;BARRIDO/MOPA;;;;;;BARRIDO/MOPA;;
0;0;0;3103;STHK38;STA MARTA;;;;;;;;;;;;;;;;;;;;;;;;;;;;;;;;;;;;;
0;0;0;3104;STHK39;STA MARTA;;;;;;;;;;;;;;;;;;EXTERNO/EXPRESS;BARRIDO/MOPA;;BARRIDO/MOPA;BARRIDO;BARRIDO/MOPA;;;;;BARRIDO/MOPA;;;;;;;BARRIDO/MOPA;;
0;0;0;3105;STHK53;STA MARTA;;;;;;;;;;;;;;;;;;EXTERNO/EXPRESS;;;;;;;;;;;;;;;BARRIDO/MOPA;;BARRIDO/MOPA;;
2;0;2;3106;STHK62;STA MARTA;;;;;;;;;;;;FULL;;;;;;;BARRIDO/MOPA;;;;;BARRIDO/MOPA;;;BARRIDO/MOPA;;FULL;BARRIDO/MOPA;;;;;BARRIDO/MOPA;BARRIDO/MOPA;
1;0;1;3107;STHK69;STA MARTA;;;;;;;;;;;;;;;;;;BARRIDO/MOPA;BARRIDO/MOPA;;;;;BARRIDO/MOPA;;;;;FULL;;;;;;BARRIDO/MOPA;BARRIDO/MOPA;
2;1;1;3108;STHK70;STA MARTA;;FULL;;;;;;;;;;;;;;;;;BARRIDO/MOPA;;;;;;;;;;FULL;;;;;;BARRIDO/MOPA;;
0;0;0;3109;STHL11;STA MARTA;;;;;;;;;;;;;;;;;;;BARRIDO/MOPA;BARRIDO/MOPA;;BARRIDO;;BARRIDO;BARRIDO;;;;BARRIDO/MOPA;;;;;;BARRIDO/MOPA;;
2;0;2;3110;STHL27;STA MARTA;;;;;;;;;;;;FULL;;;;;;;barrido;;;FULL;BARRIDO;BARRIDO;BARRIDO;;;;BARRIDO/MOPA;;;;BARRIDO/MOPA;;;;
1;0;1;3111;STHL29;STA MARTA;;;;;;;;;;;;FULL;;;;;;;;;;BARRIDO;;;;;;;;;;;BARRIDO/MOPA;;BARRIDO/MOPA;;
2;1;1;3112;STHL35;STA MARTA;;;;;FULL;;;;;;;FULL;;;;;BARRIDO/MOPA;EXTERNO/EXPRESS;BARRIDO/MOPA;;BARRIDO/MOPA;BARRIDO;;;BARRIDO/MOPA;;;;;BARRIDO/MOPA;;;;;BARRIDO/MOPA;;
1;1;0;3113;STHL42;STA MARTA;;;;FULL;;;;;;;;;;;;;;;;;;BARRIDO;;BARRIDO;;;;;;;;;BARRIDO/MOPA;;BARRIDO/MOPA;;
0;0;0;3114;STHL46;STA MARTA;;;;;;;;;;;;;;;;;;BARRIDO/MOPA;;;BARRIDO/MOPA;;;;;;;;BARRIDO/MOPA;;;;;;BARRIDO/MOPA;BARRIDO/MOPA;
0;0;0;3115;STHL51;STA MARTA;;;;;;;;;;;;;;;;;;BARRIDO/MOPA;;;;;;;;;;;;;;;BARRIDO/MOPA;;BARRIDO/MOPA;;
0;0;0;3116;STHL95;STA MARTA;;;;;;;;;;;;;;;;;;BARRIDO/MOPA;BARRIDO/MOPA;;;BARRIDO;;BARRIDO;BARRIDO;BARRIDO/MOPA;;;;;;;BARRIDO/MOPA;;;;
0;0;0;3117;STHP12;STA MARTA;;;;;;;;;;;;;;;;;;EXTERNO/EXPRESS;;BARRIDO/MOPA;;;;;;;BARRIDO/MOPA;;BARRIDO/MOPA;BARRIDO/MOPA;;;BARRIDO/MOPA;;BARRIDO/MOPA;;
1;0;1;3118;STHP52;STA MARTA;;;;;;;;;;;;;;;;;;BARRIDO/MOPA;FULL;BARRIDO/MOPA;;;;;;;;;;;;;;;BARRIDO/MOPA;;
0;0;0;3119;STHP97;STA MARTA;;;;;;;;;;;;;;;;;;EXTERNO/EXPRESS;BARRIDO/MOPA;;BARRIDO/MOPA;;BARRIDO;;;;BARRIDO/MOPA;;;;;;BARRIDO/MOPA;;BARRIDO/MOPA;;
0;0;0;3120;STHR18;STA MARTA;;;;;;;;;;;;;;;;;;;;;;BARRIDO;;;;;;;;;;;BARRIDO/MOPA;;;;
1;0;1;3121;STHR23;STA MARTA;;;;;;;;;;;;;;;;;;;FULL;;;;;;BARRIDO;;BARRIDO/MOPA;;;;;BARRIDO/MOPA;BARRIDO/MOPA;;BARRIDO/MOPA;;
0;0;0;3122;STHR36;STA MARTA;;;;;;;;;;;;;;;;;;;;BARRIDO/MOPA;BARRIDO/MOPA;BARRIDO;;BARRIDO/MOPA;;;;;;;;;;BARRIDO/MOPA;BARRIDO/MOPA;;
1;1;0;3123;STHR46;STA MARTA;;;;FULL;;;;;;;;;;;;;;;;;BARRIDO/MOPA;BARRIDO;;;BARRIDO;;BARRIDO/MOPA;;BARRIDO/MOPA;;;;;;BARRIDO/MOPA;;
1;1;0;3124;STHR60;STA MARTA;;;;;;;;FULL;;;;;;;;;;EXTERNO/EXPRESS;BARRIDO/MOPA;;;BARRIDO;BARRIDO;BARRIDO;;;;;;;;;;;BARRIDO/MOPA;;
0;0;0;3125;STHR72;STA MARTA;;;;;;;;;;;;;;;;;;;BARRIDO/MOPA;;BARRIDO/MOPA;BARRIDO;;BARRIDO/MOPA;;;;;;;;;;BARRIDO/MOPA;BARRIDO/MOPA;;
0;0;0;3126;STHR80;STA MARTA;;;;;;;;;;;;;;;;;;;;;;;;BARRIDO/MOPA;;;;;BARRIDO/MOPA;;;BARRIDO/MOPA;;;BARRIDO/MOPA;;
;;;2053;;;;;;;;;;;;;;;;;;;;;;;;;;;;;;;;;;;;;;;
